run_id,rank,rank_count,device,device_name,gfx_arch,path,family,candidate,M,N,K,q,slice_bytes,warmup,window_mult,dush_quiet,iteration_index,t_issue_us,t_release_first_us,t_release_last_us,t_done_us,gemm_first_start_us,gemm_last_end_us,gemm_interval_us,e2e_us,gemm_tflops,correctness,max_abs_error,max_rel_error,mismatch_count,status
mh_r1_C2_RING_SIMPLE_CH8_N4096_q8_rep1,2,4,2,"NVIDIA A800-SXM4-80GB",sm_89,R1_EVENT_OVERLAP,NCCL,C2_RING_SIMPLE_CH8,2048,4096,2048,8,2097152,20,1,0,0,0,176.544,5511.296,5514.720,182.912,8277.344,8094.432,8280.769,16.979,PASS,0.000,0.013,0,0
mh_r1_C2_RING_SIMPLE_CH8_N4096_q8_rep1,2,4,2,"NVIDIA A800-SXM4-80GB",sm_89,R1_EVENT_OVERLAP,NCCL,C2_RING_SIMPLE_CH8,2048,4096,2048,8,2097152,20,1,0,1,0,189.600,5218.560,5222.528,196.288,8172.224,7975.936,8175.680,17.232,PASS,0.000,0.013,0,0
mh_r1_C2_RING_SIMPLE_CH8_N4096_q8_rep1,2,4,2,"NVIDIA A800-SXM4-80GB",sm_89,R1_EVENT_OVERLAP,NCCL,C2_RING_SIMPLE_CH8,2048,4096,2048,8,2097152,20,1,0,2,0,181.568,5421.600,5425.120,188.192,8357.792,8169.600,8361.216,16.823,PASS,0.000,0.013,0,0
mh_r1_C2_RING_SIMPLE_CH8_N4096_q8_rep1,2,4,2,"NVIDIA A800-SXM4-80GB",sm_89,R1_EVENT_OVERLAP,NCCL,C2_RING_SIMPLE_CH8,2048,4096,2048,8,2097152,20,1,0,3,0,181.376,5277.280,5280.768,188.320,8213.983,8025.665,8217.439,17.125,PASS,0.000,0.013,0,0
mh_r1_C2_RING_SIMPLE_CH8_N4096_q8_rep1,2,4,2,"NVIDIA A800-SXM4-80GB",sm_89,R1_EVENT_OVERLAP,NCCL,C2_RING_SIMPLE_CH8,2048,4096,2048,8,2097152,20,1,0,4,0,180.768,6193.760,6197.216,187.328,8146.335,7959.008,8149.760,17.268,PASS,0.000,0.013,0,0
mh_r1_C2_RING_SIMPLE_CH8_N4096_q8_rep1,2,4,2,"NVIDIA A800-SXM4-80GB",sm_89,R1_EVENT_OVERLAP,NCCL,C2_RING_SIMPLE_CH8,2048,4096,2048,8,2097152,20,1,0,5,0,176.384,6141.152,6144.576,183.008,8339.872,8156.864,8343.328,16.849,PASS,0.000,0.013,0,0
mh_r1_C2_RING_SIMPLE_CH8_N4096_q8_rep1,2,4,2,"NVIDIA A800-SXM4-80GB",sm_89,R1_EVENT_OVERLAP,NCCL,C2_RING_SIMPLE_CH8,2048,4096,2048,8,2097152,20,1,0,6,0,187.904,5462.752,5466.080,194.592,8204.769,8010.176,8208.191,17.158,PASS,0.000,0.013,0,0
mh_r1_C2_RING_SIMPLE_CH8_N4096_q8_rep1,2,4,2,"NVIDIA A800-SXM4-80GB",sm_89,R1_EVENT_OVERLAP,NCCL,C2_RING_SIMPLE_CH8,2048,4096,2048,8,2097152,20,1,0,7,0,192.000,5169.632,5173.056,198.752,8207.937,8009.184,8211.360,17.160,PASS,0.000,0.013,0,0
mh_r1_C2_RING_SIMPLE_CH8_N4096_q8_rep1,2,4,2,"NVIDIA A800-SXM4-80GB",sm_89,R1_EVENT_OVERLAP,NCCL,C2_RING_SIMPLE_CH8,2048,4096,2048,8,2097152,20,1,0,8,0,188.992,6162.112,6165.504,195.584,8356.832,8161.248,8360.224,16.840,PASS,0.000,0.013,0,0
mh_r1_C2_RING_SIMPLE_CH8_N4096_q8_rep1,2,4,2,"NVIDIA A800-SXM4-80GB",sm_89,R1_EVENT_OVERLAP,NCCL,C2_RING_SIMPLE_CH8,2048,4096,2048,8,2097152,20,1,0,9,0,170.720,6156.384,6159.744,177.824,8286.208,8108.384,8289.632,16.950,PASS,0.000,0.013,0,0
mh_r1_C2_RING_SIMPLE_CH8_N4096_q8_rep1,2,4,2,"NVIDIA A800-SXM4-80GB",sm_89,R1_EVENT_OVERLAP,NCCL,C2_RING_SIMPLE_CH8,2048,4096,2048,8,2097152,20,1,0,10,0,181.536,6120.032,6123.712,187.904,8356.416,8168.512,8360.032,16.825,PASS,0.000,0.013,0,0
mh_r1_C2_RING_SIMPLE_CH8_N4096_q8_rep1,2,4,2,"NVIDIA A800-SXM4-80GB",sm_89,R1_EVENT_OVERLAP,NCCL,C2_RING_SIMPLE_CH8,2048,4096,2048,8,2097152,20,1,0,11,0,186.176,5283.136,5286.656,193.408,8220.288,8026.880,8223.712,17.122,PASS,0.000,0.013,0,0
mh_r1_C2_RING_SIMPLE_CH8_N4096_q8_rep1,2,4,2,"NVIDIA A800-SXM4-80GB",sm_89,R1_EVENT_OVERLAP,NCCL,C2_RING_SIMPLE_CH8,2048,4096,2048,8,2097152,20,1,0,12,0,188.672,6118.208,6121.536,195.456,8430.527,8235.072,8433.952,16.689,PASS,0.000,0.013,0,0
mh_r1_C2_RING_SIMPLE_CH8_N4096_q8_rep1,2,4,2,"NVIDIA A800-SXM4-80GB",sm_89,R1_EVENT_OVERLAP,NCCL,C2_RING_SIMPLE_CH8,2048,4096,2048,8,2097152,20,1,0,13,0,173.088,6089.056,6092.416,179.424,8411.647,8232.225,8415.072,16.695,PASS,0.000,0.013,0,0
mh_r1_C2_RING_SIMPLE_CH8_N4096_q8_rep1,2,4,2,"NVIDIA A800-SXM4-80GB",sm_89,R1_EVENT_OVERLAP,NCCL,C2_RING_SIMPLE_CH8,2048,4096,2048,8,2097152,20,1,0,14,0,184.512,5485.088,5488.480,191.168,8228.480,8037.312,8231.904,17.100,PASS,0.000,0.013,0,0
mh_r1_C2_RING_SIMPLE_CH8_N4096_q8_rep1,2,4,2,"NVIDIA A800-SXM4-80GB",sm_89,R1_EVENT_OVERLAP,NCCL,C2_RING_SIMPLE_CH8,2048,4096,2048,8,2097152,20,1,0,15,0,186.944,6159.072,6162.496,193.536,8112.768,7919.232,8116.224,17.355,PASS,0.000,0.013,0,0
mh_r1_C2_RING_SIMPLE_CH8_N4096_q8_rep1,2,4,2,"NVIDIA A800-SXM4-80GB",sm_89,R1_EVENT_OVERLAP,NCCL,C2_RING_SIMPLE_CH8,2048,4096,2048,8,2097152,20,1,0,16,0,173.760,5267.232,5270.720,180.448,8201.151,8020.704,8204.575,17.136,PASS,0.000,0.013,0,0
mh_r1_C2_RING_SIMPLE_CH8_N4096_q8_rep1,2,4,2,"NVIDIA A800-SXM4-80GB",sm_89,R1_EVENT_OVERLAP,NCCL,C2_RING_SIMPLE_CH8,2048,4096,2048,8,2097152,20,1,0,17,0,199.328,6148.704,6152.032,206.144,8438.336,8232.192,8441.792,16.695,PASS,0.000,0.013,0,0
mh_r1_C2_RING_SIMPLE_CH8_N4096_q8_rep1,2,4,2,"NVIDIA A800-SXM4-80GB",sm_89,R1_EVENT_OVERLAP,NCCL,C2_RING_SIMPLE_CH8,2048,4096,2048,8,2097152,20,1,0,18,0,171.200,5190.432,5193.920,177.568,8124.256,7946.688,8127.680,17.295,PASS,0.000,0.013,0,0
mh_r1_C2_RING_SIMPLE_CH8_N4096_q8_rep1,2,4,2,"NVIDIA A800-SXM4-80GB",sm_89,R1_EVENT_OVERLAP,NCCL,C2_RING_SIMPLE_CH8,2048,4096,2048,8,2097152,20,1,0,19,0,197.120,6169.920,6173.312,203.968,8223.615,8019.647,8227.359,17.138,PASS,0.000,0.013,0,0
mh_r1_C2_RING_SIMPLE_CH8_N4096_q8_rep1,2,4,2,"NVIDIA A800-SXM4-80GB",sm_89,R1_EVENT_OVERLAP,NCCL,C2_RING_SIMPLE_CH8,2048,4096,2048,8,2097152,20,1,0,20,0,182.784,5362.848,5366.336,189.184,8298.016,8108.833,8301.729,16.949,PASS,0.000,0.013,0,0
mh_r1_C2_RING_SIMPLE_CH8_N4096_q8_rep1,2,4,2,"NVIDIA A800-SXM4-80GB",sm_89,R1_EVENT_OVERLAP,NCCL,C2_RING_SIMPLE_CH8,2048,4096,2048,8,2097152,20,1,0,21,0,187.104,5439.488,5443.200,193.408,8276.640,8083.232,8280.096,17.003,PASS,0.000,0.013,0,0
mh_r1_C2_RING_SIMPLE_CH8_N4096_q8_rep1,2,4,2,"NVIDIA A800-SXM4-80GB",sm_89,R1_EVENT_OVERLAP,NCCL,C2_RING_SIMPLE_CH8,2048,4096,2048,8,2097152,20,1,0,22,0,187.360,5176.928,5180.576,194.272,8200.991,8006.720,8204.416,17.165,PASS,0.000,0.013,0,0
mh_r1_C2_RING_SIMPLE_CH8_N4096_q8_rep1,2,4,2,"NVIDIA A800-SXM4-80GB",sm_89,R1_EVENT_OVERLAP,NCCL,C2_RING_SIMPLE_CH8,2048,4096,2048,8,2097152,20,1,0,23,0,180.448,6162.528,6166.016,187.648,8351.168,8163.520,8354.624,16.836,PASS,0.000,0.013,0,0
mh_r1_C2_RING_SIMPLE_CH8_N4096_q8_rep1,2,4,2,"NVIDIA A800-SXM4-80GB",sm_89,R1_EVENT_OVERLAP,NCCL,C2_RING_SIMPLE_CH8,2048,4096,2048,8,2097152,20,1,0,24,0,186.784,6155.392,6158.784,193.376,8301.729,8108.352,8305.152,16.950,PASS,0.000,0.013,0,0
mh_r1_C2_RING_SIMPLE_CH8_N4096_q8_rep1,2,4,2,"NVIDIA A800-SXM4-80GB",sm_89,R1_EVENT_OVERLAP,NCCL,C2_RING_SIMPLE_CH8,2048,4096,2048,8,2097152,20,1,0,25,0,187.040,6171.200,6174.592,193.632,8209.535,8015.904,8212.960,17.146,PASS,0.000,0.013,0,0
mh_r1_C2_RING_SIMPLE_CH8_N4096_q8_rep1,2,4,2,"NVIDIA A800-SXM4-80GB",sm_89,R1_EVENT_OVERLAP,NCCL,C2_RING_SIMPLE_CH8,2048,4096,2048,8,2097152,20,1,0,26,0,181.152,6171.264,6174.944,188.096,8142.240,7954.144,8145.696,17.279,PASS,0.000,0.013,0,0
mh_r1_C2_RING_SIMPLE_CH8_N4096_q8_rep1,2,4,2,"NVIDIA A800-SXM4-80GB",sm_89,R1_EVENT_OVERLAP,NCCL,C2_RING_SIMPLE_CH8,2048,4096,2048,8,2097152,20,1,0,27,0,194.592,6196.032,6199.456,201.920,8149.440,7947.520,8152.896,17.293,PASS,0.000,0.013,0,0
mh_r1_C2_RING_SIMPLE_CH8_N4096_q8_rep1,2,4,2,"NVIDIA A800-SXM4-80GB",sm_89,R1_EVENT_OVERLAP,NCCL,C2_RING_SIMPLE_CH8,2048,4096,2048,8,2097152,20,1,0,28,0,178.528,5186.528,5189.952,184.960,8337.120,8152.160,8340.544,16.859,PASS,0.000,0.013,0,0
mh_r1_C2_RING_SIMPLE_CH8_N4096_q8_rep1,2,4,2,"NVIDIA A800-SXM4-80GB",sm_89,R1_EVENT_OVERLAP,NCCL,C2_RING_SIMPLE_CH8,2048,4096,2048,8,2097152,20,1,0,29,0,188.352,6179.584,6183.008,195.072,8215.584,8020.512,8219.200,17.136,PASS,0.000,0.013,0,0
mh_r1_C2_RING_SIMPLE_CH8_N4096_q8_rep1,2,4,2,"NVIDIA A800-SXM4-80GB",sm_89,R1_EVENT_OVERLAP,NCCL,C2_RING_SIMPLE_CH8,2048,4096,2048,8,2097152,20,1,0,30,0,176.736,5165.984,5169.408,183.200,8186.656,8003.456,8190.080,17.172,PASS,0.000,0.013,0,0
mh_r1_C2_RING_SIMPLE_CH8_N4096_q8_rep1,2,4,2,"NVIDIA A800-SXM4-80GB",sm_89,R1_EVENT_OVERLAP,NCCL,C2_RING_SIMPLE_CH8,2048,4096,2048,8,2097152,20,1,0,31,0,192.768,6196.320,6199.744,200.064,8139.904,7939.840,8143.328,17.310,PASS,0.000,0.013,0,0
mh_r1_C2_RING_SIMPLE_CH8_N4096_q8_rep1,2,4,2,"NVIDIA A800-SXM4-80GB",sm_89,R1_EVENT_OVERLAP,NCCL,C2_RING_SIMPLE_CH8,2048,4096,2048,8,2097152,20,1,0,32,0,188.096,6157.056,6160.576,194.464,8424.928,8230.464,8428.384,16.699,PASS,0.000,0.013,0,0
mh_r1_C2_RING_SIMPLE_CH8_N4096_q8_rep1,2,4,2,"NVIDIA A800-SXM4-80GB",sm_89,R1_EVENT_OVERLAP,NCCL,C2_RING_SIMPLE_CH8,2048,4096,2048,8,2097152,20,1,0,33,0,192.800,5189.376,5193.280,199.456,8142.432,7942.976,8145.856,17.303,PASS,0.000,0.013,0,0
mh_r1_C2_RING_SIMPLE_CH8_N4096_q8_rep1,2,4,2,"NVIDIA A800-SXM4-80GB",sm_89,R1_EVENT_OVERLAP,NCCL,C2_RING_SIMPLE_CH8,2048,4096,2048,8,2097152,20,1,0,34,0,192.160,5208.544,5212.352,198.656,8138.272,7939.616,8141.696,17.311,PASS,0.000,0.013,0,0
mh_r1_C2_RING_SIMPLE_CH8_N4096_q8_rep1,2,4,2,"NVIDIA A800-SXM4-80GB",sm_89,R1_EVENT_OVERLAP,NCCL,C2_RING_SIMPLE_CH8,2048,4096,2048,8,2097152,20,1,0,35,0,191.360,5297.536,5301.856,198.112,8133.760,7935.648,8137.152,17.319,PASS,0.000,0.013,0,0
mh_r1_C2_RING_SIMPLE_CH8_N4096_q8_rep1,2,4,2,"NVIDIA A800-SXM4-80GB",sm_89,R1_EVENT_OVERLAP,NCCL,C2_RING_SIMPLE_CH8,2048,4096,2048,8,2097152,20,1,0,36,0,193.312,6159.072,6162.528,199.744,8290.976,8091.232,8294.624,16.986,PASS,0.000,0.013,0,0
mh_r1_C2_RING_SIMPLE_CH8_N4096_q8_rep1,2,4,2,"NVIDIA A800-SXM4-80GB",sm_89,R1_EVENT_OVERLAP,NCCL,C2_RING_SIMPLE_CH8,2048,4096,2048,8,2097152,20,1,0,37,0,176.512,6153.664,6157.056,183.168,8199.584,8016.416,8203.040,17.145,PASS,0.000,0.013,0,0
mh_r1_C2_RING_SIMPLE_CH8_N4096_q8_rep1,2,4,2,"NVIDIA A800-SXM4-80GB",sm_89,R1_EVENT_OVERLAP,NCCL,C2_RING_SIMPLE_CH8,2048,4096,2048,8,2097152,20,1,0,38,0,172.800,6149.408,6152.768,179.264,8283.744,8104.480,8287.168,16.958,PASS,0.000,0.013,0,0
mh_r1_C2_RING_SIMPLE_CH8_N4096_q8_rep1,2,4,2,"NVIDIA A800-SXM4-80GB",sm_89,R1_EVENT_OVERLAP,NCCL,C2_RING_SIMPLE_CH8,2048,4096,2048,8,2097152,20,1,0,39,0,181.632,6191.104,6194.528,188.576,8139.040,7950.464,8142.464,17.287,PASS,0.000,0.013,0,0
mh_r1_C2_RING_SIMPLE_CH8_N4096_q8_rep1,2,4,2,"NVIDIA A800-SXM4-80GB",sm_89,R1_EVENT_OVERLAP,NCCL,C2_RING_SIMPLE_CH8,2048,4096,2048,8,2097152,20,1,0,40,0,186.688,6135.552,6139.520,193.248,8419.552,8226.304,8422.976,16.707,PASS,0.000,0.013,0,0
mh_r1_C2_RING_SIMPLE_CH8_N4096_q8_rep1,2,4,2,"NVIDIA A800-SXM4-80GB",sm_89,R1_EVENT_OVERLAP,NCCL,C2_RING_SIMPLE_CH8,2048,4096,2048,8,2097152,20,1,0,41,0,180.448,5167.584,5172.640,186.976,8123.168,7936.192,8126.624,17.318,PASS,0.000,0.013,0,0
mh_r1_C2_RING_SIMPLE_CH8_N4096_q8_rep1,2,4,2,"NVIDIA A800-SXM4-80GB",sm_89,R1_EVENT_OVERLAP,NCCL,C2_RING_SIMPLE_CH8,2048,4096,2048,8,2097152,20,1,0,42,0,194.272,6165.152,6168.544,200.640,8360.192,8159.552,8363.616,16.844,PASS,0.000,0.013,0,0
mh_r1_C2_RING_SIMPLE_CH8_N4096_q8_rep1,2,4,2,"NVIDIA A800-SXM4-80GB",sm_89,R1_EVENT_OVERLAP,NCCL,C2_RING_SIMPLE_CH8,2048,4096,2048,8,2097152,20,1,0,43,0,181.248,6145.408,6148.736,187.936,8271.008,8083.072,8274.433,17.003,PASS,0.000,0.013,0,0
mh_r1_C2_RING_SIMPLE_CH8_N4096_q8_rep1,2,4,2,"NVIDIA A800-SXM4-80GB",sm_89,R1_EVENT_OVERLAP,NCCL,C2_RING_SIMPLE_CH8,2048,4096,2048,8,2097152,20,1,0,44,0,181.664,6168.768,6172.256,188.864,8204.320,8015.456,8207.743,17.147,PASS,0.000,0.013,0,0
mh_r1_C2_RING_SIMPLE_CH8_N4096_q8_rep1,2,4,2,"NVIDIA A800-SXM4-80GB",sm_89,R1_EVENT_OVERLAP,NCCL,C2_RING_SIMPLE_CH8,2048,4096,2048,8,2097152,20,1,0,45,0,191.584,6155.072,6158.464,198.528,8427.040,8228.512,8430.496,16.703,PASS,0.000,0.013,0,0
mh_r1_C2_RING_SIMPLE_CH8_N4096_q8_rep1,2,4,2,"NVIDIA A800-SXM4-80GB",sm_89,R1_EVENT_OVERLAP,NCCL,C2_RING_SIMPLE_CH8,2048,4096,2048,8,2097152,20,1,0,46,0,195.264,6185.504,6188.928,201.600,8155.104,7953.504,8158.560,17.280,PASS,0.000,0.013,0,0
mh_r1_C2_RING_SIMPLE_CH8_N4096_q8_rep1,2,4,2,"NVIDIA A800-SXM4-80GB",sm_89,R1_EVENT_OVERLAP,NCCL,C2_RING_SIMPLE_CH8,2048,4096,2048,8,2097152,20,1,0,47,0,176.896,6146.880,6150.304,183.648,8418.656,8235.008,8422.048,16.690,PASS,0.000,0.013,0,0
mh_r1_C2_RING_SIMPLE_CH8_N4096_q8_rep1,2,4,2,"NVIDIA A800-SXM4-80GB",sm_89,R1_EVENT_OVERLAP,NCCL,C2_RING_SIMPLE_CH8,2048,4096,2048,8,2097152,20,1,0,48,0,182.816,5299.360,5302.784,189.728,8210.944,8021.216,8214.368,17.134,PASS,0.000,0.013,0,0
mh_r1_C2_RING_SIMPLE_CH8_N4096_q8_rep1,2,4,2,"NVIDIA A800-SXM4-80GB",sm_89,R1_EVENT_OVERLAP,NCCL,C2_RING_SIMPLE_CH8,2048,4096,2048,8,2097152,20,1,0,49,0,189.728,5437.984,5441.824,196.640,8279.712,8083.072,8283.137,17.003,PASS,0.000,0.013,0,0
