run_id,rank_count,path,family,candidate,M,N,K,q,slice_bytes,iteration_index,t_release_first_max_us,t_release_last_max_us,t_done_max_us,gemm_first_start_max_us,gemm_last_end_max_us,gemm_interval_max_us,e2e_max_us,correctness_all_ranks,max_abs_error_max,max_rel_error_max,mismatch_count_sum,status
PHASEB_formal_r1_C2_RING_SIMPLE_CH8_N4096_q2_rep4,4,R1_EVENT_OVERLAP,NCCL,C2_RING_SIMPLE_CH8,2048,4096,2048,2,8388608,0,371.520,684.640,688.096,377.472,8074.400,7696.928,8077.824,PASS,0.000,0.000,0,0
PHASEB_formal_r1_C2_RING_SIMPLE_CH8_N4096_q2_rep4,4,R1_EVENT_OVERLAP,NCCL,C2_RING_SIMPLE_CH8,2048,4096,2048,2,8388608,1,385.536,674.080,677.728,392.384,8056.256,7686.720,8059.712,PASS,0.000,0.000,0,0
PHASEB_formal_r1_C2_RING_SIMPLE_CH8_N4096_q2_rep4,4,R1_EVENT_OVERLAP,NCCL,C2_RING_SIMPLE_CH8,2048,4096,2048,2,8388608,2,392.672,691.520,695.904,398.400,8075.136,7676.736,8078.560,PASS,0.000,0.000,0,0
PHASEB_formal_r1_C2_RING_SIMPLE_CH8_N4096_q2_rep4,4,R1_EVENT_OVERLAP,NCCL,C2_RING_SIMPLE_CH8,2048,4096,2048,2,8388608,3,385.152,674.496,677.920,392.544,8042.432,7677.952,8045.856,PASS,0.000,0.000,0,0
PHASEB_formal_r1_C2_RING_SIMPLE_CH8_N4096_q2_rep4,4,R1_EVENT_OVERLAP,NCCL,C2_RING_SIMPLE_CH8,2048,4096,2048,2,8388608,4,365.024,683.520,686.912,370.752,8046.528,7675.776,8049.952,PASS,0.000,0.000,0,0
PHASEB_formal_r1_C2_RING_SIMPLE_CH8_N4096_q2_rep4,4,R1_EVENT_OVERLAP,NCCL,C2_RING_SIMPLE_CH8,2048,4096,2048,2,8388608,5,356.128,673.760,677.376,363.456,8051.264,7688.864,8054.624,PASS,0.000,0.000,0,0
PHASEB_formal_r1_C2_RING_SIMPLE_CH8_N4096_q2_rep4,4,R1_EVENT_OVERLAP,NCCL,C2_RING_SIMPLE_CH8,2048,4096,2048,2,8388608,6,363.200,695.808,699.232,369.088,8049.536,7688.192,8052.960,PASS,0.000,0.000,0,0
PHASEB_formal_r1_C2_RING_SIMPLE_CH8_N4096_q2_rep4,4,R1_EVENT_OVERLAP,NCCL,C2_RING_SIMPLE_CH8,2048,4096,2048,2,8388608,7,361.120,695.552,699.424,368.224,8041.376,7673.152,8044.800,PASS,0.000,0.000,0,0
PHASEB_formal_r1_C2_RING_SIMPLE_CH8_N4096_q2_rep4,4,R1_EVENT_OVERLAP,NCCL,C2_RING_SIMPLE_CH8,2048,4096,2048,2,8388608,8,363.808,679.520,682.976,369.888,8007.360,7639.776,8010.784,PASS,0.000,0.000,0,0
PHASEB_formal_r1_C2_RING_SIMPLE_CH8_N4096_q2_rep4,4,R1_EVENT_OVERLAP,NCCL,C2_RING_SIMPLE_CH8,2048,4096,2048,2,8388608,9,381.216,678.784,682.240,388.032,8026.208,7638.176,8029.664,PASS,0.000,0.000,0,0
PHASEB_formal_r1_C2_RING_SIMPLE_CH8_N4096_q2_rep4,4,R1_EVENT_OVERLAP,NCCL,C2_RING_SIMPLE_CH8,2048,4096,2048,2,8388608,10,359.584,684.416,687.808,365.312,8026.656,7672.896,8030.080,PASS,0.000,0.000,0,0
PHASEB_formal_r1_C2_RING_SIMPLE_CH8_N4096_q2_rep4,4,R1_EVENT_OVERLAP,NCCL,C2_RING_SIMPLE_CH8,2048,4096,2048,2,8388608,11,385.696,687.712,691.136,392.576,8053.344,7682.784,8056.769,PASS,0.000,0.000,0,0
PHASEB_formal_r1_C2_RING_SIMPLE_CH8_N4096_q2_rep4,4,R1_EVENT_OVERLAP,NCCL,C2_RING_SIMPLE_CH8,2048,4096,2048,2,8388608,12,362.080,653.216,656.640,368.416,8044.576,7676.160,8048.000,PASS,0.000,0.000,0,0
PHASEB_formal_r1_C2_RING_SIMPLE_CH8_N4096_q2_rep4,4,R1_EVENT_OVERLAP,NCCL,C2_RING_SIMPLE_CH8,2048,4096,2048,2,8388608,13,370.976,702.816,706.272,378.112,8056.448,7678.336,8059.840,PASS,0.000,0.000,0,0
PHASEB_formal_r1_C2_RING_SIMPLE_CH8_N4096_q2_rep4,4,R1_EVENT_OVERLAP,NCCL,C2_RING_SIMPLE_CH8,2048,4096,2048,2,8388608,14,360.032,650.176,653.696,365.760,8048.225,7682.464,8051.680,PASS,0.000,0.000,0,0
PHASEB_formal_r1_C2_RING_SIMPLE_CH8_N4096_q2_rep4,4,R1_EVENT_OVERLAP,NCCL,C2_RING_SIMPLE_CH8,2048,4096,2048,2,8388608,15,378.720,711.136,715.072,386.048,8057.408,7681.312,8060.832,PASS,0.000,0.000,0,0
PHASEB_formal_r1_C2_RING_SIMPLE_CH8_N4096_q2_rep4,4,R1_EVENT_OVERLAP,NCCL,C2_RING_SIMPLE_CH8,2048,4096,2048,2,8388608,16,356.960,647.008,650.560,363.456,8042.144,7680.128,8045.600,PASS,0.000,0.000,0,0
PHASEB_formal_r1_C2_RING_SIMPLE_CH8_N4096_q2_rep4,4,R1_EVENT_OVERLAP,NCCL,C2_RING_SIMPLE_CH8,2048,4096,2048,2,8388608,17,368.288,702.880,706.336,375.040,8053.664,7678.624,8057.057,PASS,0.000,0.000,0,0
PHASEB_formal_r1_C2_RING_SIMPLE_CH8_N4096_q2_rep4,4,R1_EVENT_OVERLAP,NCCL,C2_RING_SIMPLE_CH8,2048,4096,2048,2,8388608,18,362.048,651.552,654.848,367.872,8035.456,7679.424,8038.880,PASS,0.000,0.000,0,0
PHASEB_formal_r1_C2_RING_SIMPLE_CH8_N4096_q2_rep4,4,R1_EVENT_OVERLAP,NCCL,C2_RING_SIMPLE_CH8,2048,4096,2048,2,8388608,19,389.632,685.280,688.736,396.736,8058.112,7681.600,8061.504,PASS,0.000,0.000,0,0
PHASEB_formal_r1_C2_RING_SIMPLE_CH8_N4096_q2_rep4,4,R1_EVENT_OVERLAP,NCCL,C2_RING_SIMPLE_CH8,2048,4096,2048,2,8388608,20,385.152,672.672,676.096,391.072,8052.192,7680.928,8055.616,PASS,0.000,0.000,0,0
PHASEB_formal_r1_C2_RING_SIMPLE_CH8_N4096_q2_rep4,4,R1_EVENT_OVERLAP,NCCL,C2_RING_SIMPLE_CH8,2048,4096,2048,2,8388608,21,367.296,702.240,705.664,374.240,8052.256,7678.432,8055.680,PASS,0.000,0.000,0,0
PHASEB_formal_r1_C2_RING_SIMPLE_CH8_N4096_q2_rep4,4,R1_EVENT_OVERLAP,NCCL,C2_RING_SIMPLE_CH8,2048,4096,2048,2,8388608,22,358.048,669.312,672.768,364.256,8043.392,7680.736,8046.816,PASS,0.000,0.000,0,0
PHASEB_formal_r1_C2_RING_SIMPLE_CH8_N4096_q2_rep4,4,R1_EVENT_OVERLAP,NCCL,C2_RING_SIMPLE_CH8,2048,4096,2048,2,8388608,23,378.688,705.952,709.472,386.016,8052.096,7679.232,8055.488,PASS,0.000,0.000,0,0
PHASEB_formal_r1_C2_RING_SIMPLE_CH8_N4096_q2_rep4,4,R1_EVENT_OVERLAP,NCCL,C2_RING_SIMPLE_CH8,2048,4096,2048,2,8388608,24,387.584,677.088,680.640,393.728,8050.048,7680.416,8053.504,PASS,0.000,0.000,0,0
PHASEB_formal_r1_C2_RING_SIMPLE_CH8_N4096_q2_rep4,4,R1_EVENT_OVERLAP,NCCL,C2_RING_SIMPLE_CH8,2048,4096,2048,2,8388608,25,392.000,679.968,684.224,399.200,8058.016,7680.800,8061.408,PASS,0.000,0.000,0,0
PHASEB_formal_r1_C2_RING_SIMPLE_CH8_N4096_q2_rep4,4,R1_EVENT_OVERLAP,NCCL,C2_RING_SIMPLE_CH8,2048,4096,2048,2,8388608,26,364.672,682.208,685.728,370.400,8051.008,7680.608,8054.400,PASS,0.000,0.000,0,0
PHASEB_formal_r1_C2_RING_SIMPLE_CH8_N4096_q2_rep4,4,R1_EVENT_OVERLAP,NCCL,C2_RING_SIMPLE_CH8,2048,4096,2048,2,8388608,27,362.912,699.200,703.136,370.336,8060.320,7689.984,8063.776,PASS,0.000,0.000,0,0
PHASEB_formal_r1_C2_RING_SIMPLE_CH8_N4096_q2_rep4,4,R1_EVENT_OVERLAP,NCCL,C2_RING_SIMPLE_CH8,2048,4096,2048,2,8388608,28,378.944,694.240,697.664,384.768,8045.376,7678.976,8048.832,PASS,0.000,0.000,0,0
PHASEB_formal_r1_C2_RING_SIMPLE_CH8_N4096_q2_rep4,4,R1_EVENT_OVERLAP,NCCL,C2_RING_SIMPLE_CH8,2048,4096,2048,2,8388608,29,360.928,652.064,655.648,367.680,8047.136,7679.456,8050.560,PASS,0.000,0.000,0,0
PHASEB_formal_r1_C2_RING_SIMPLE_CH8_N4096_q2_rep4,4,R1_EVENT_OVERLAP,NCCL,C2_RING_SIMPLE_CH8,2048,4096,2048,2,8388608,30,387.232,691.136,694.592,393.376,8070.080,7677.568,8073.504,PASS,0.000,0.000,0,0
PHASEB_formal_r1_C2_RING_SIMPLE_CH8_N4096_q2_rep4,4,R1_EVENT_OVERLAP,NCCL,C2_RING_SIMPLE_CH8,2048,4096,2048,2,8388608,31,378.432,666.656,669.984,385.216,8054.592,7692.192,8058.016,PASS,0.000,0.000,0,0
PHASEB_formal_r1_C2_RING_SIMPLE_CH8_N4096_q2_rep4,4,R1_EVENT_OVERLAP,NCCL,C2_RING_SIMPLE_CH8,2048,4096,2048,2,8388608,32,361.696,698.464,701.856,367.552,8044.352,7679.776,8047.744,PASS,0.000,0.000,0,0
PHASEB_formal_r1_C2_RING_SIMPLE_CH8_N4096_q2_rep4,4,R1_EVENT_OVERLAP,NCCL,C2_RING_SIMPLE_CH8,2048,4096,2048,2,8388608,33,378.624,666.048,669.664,385.408,8065.248,7679.840,8068.704,PASS,0.000,0.000,0,0
PHASEB_formal_r1_C2_RING_SIMPLE_CH8_N4096_q2_rep4,4,R1_EVENT_OVERLAP,NCCL,C2_RING_SIMPLE_CH8,2048,4096,2048,2,8388608,34,384.608,697.664,701.024,390.400,8071.200,7680.800,8074.592,PASS,0.000,0.000,0,0
PHASEB_formal_r1_C2_RING_SIMPLE_CH8_N4096_q2_rep4,4,R1_EVENT_OVERLAP,NCCL,C2_RING_SIMPLE_CH8,2048,4096,2048,2,8388608,35,355.392,663.488,667.104,362.624,8040.288,7680.512,8043.711,PASS,0.000,0.000,0,0
PHASEB_formal_r1_C2_RING_SIMPLE_CH8_N4096_q2_rep4,4,R1_EVENT_OVERLAP,NCCL,C2_RING_SIMPLE_CH8,2048,4096,2048,2,8388608,36,361.184,686.976,690.304,367.360,8047.712,7680.352,8051.168,PASS,0.000,0.000,0,0
PHASEB_formal_r1_C2_RING_SIMPLE_CH8_N4096_q2_rep4,4,R1_EVENT_OVERLAP,NCCL,C2_RING_SIMPLE_CH8,2048,4096,2048,2,8388608,37,381.344,668.800,672.384,388.096,8069.440,7681.344,8072.896,PASS,0.000,0.000,0,0
PHASEB_formal_r1_C2_RING_SIMPLE_CH8_N4096_q2_rep4,4,R1_EVENT_OVERLAP,NCCL,C2_RING_SIMPLE_CH8,2048,4096,2048,2,8388608,38,363.936,701.824,705.728,369.696,8049.280,7679.584,8052.896,PASS,0.000,0.000,0,0
PHASEB_formal_r1_C2_RING_SIMPLE_CH8_N4096_q2_rep4,4,R1_EVENT_OVERLAP,NCCL,C2_RING_SIMPLE_CH8,2048,4096,2048,2,8388608,39,356.416,663.200,666.752,363.392,8042.912,7681.248,8046.336,PASS,0.000,0.000,0,0
PHASEB_formal_r1_C2_RING_SIMPLE_CH8_N4096_q2_rep4,4,R1_EVENT_OVERLAP,NCCL,C2_RING_SIMPLE_CH8,2048,4096,2048,2,8388608,40,390.080,690.176,693.600,396.480,8076.032,7679.552,8079.457,PASS,0.000,0.000,0,0
PHASEB_formal_r1_C2_RING_SIMPLE_CH8_N4096_q2_rep4,4,R1_EVENT_OVERLAP,NCCL,C2_RING_SIMPLE_CH8,2048,4096,2048,2,8388608,41,355.488,675.840,679.488,362.176,8041.920,7679.744,8045.344,PASS,0.000,0.000,0,0
PHASEB_formal_r1_C2_RING_SIMPLE_CH8_N4096_q2_rep4,4,R1_EVENT_OVERLAP,NCCL,C2_RING_SIMPLE_CH8,2048,4096,2048,2,8388608,42,360.032,693.568,696.896,365.824,8046.144,7680.320,8049.568,PASS,0.000,0.000,0,0
PHASEB_formal_r1_C2_RING_SIMPLE_CH8_N4096_q2_rep4,4,R1_EVENT_OVERLAP,NCCL,C2_RING_SIMPLE_CH8,2048,4096,2048,2,8388608,43,358.112,679.968,683.776,365.120,8039.584,7677.792,8042.977,PASS,0.000,0.000,0,0
PHASEB_formal_r1_C2_RING_SIMPLE_CH8_N4096_q2_rep4,4,R1_EVENT_OVERLAP,NCCL,C2_RING_SIMPLE_CH8,2048,4096,2048,2,8388608,44,361.152,694.240,697.664,367.392,8037.504,7679.552,8040.928,PASS,0.000,0.000,0,0
PHASEB_formal_r1_C2_RING_SIMPLE_CH8_N4096_q2_rep4,4,R1_EVENT_OVERLAP,NCCL,C2_RING_SIMPLE_CH8,2048,4096,2048,2,8388608,45,378.880,684.096,687.840,386.368,8041.888,7680.832,8045.312,PASS,0.000,0.000,0,0
PHASEB_formal_r1_C2_RING_SIMPLE_CH8_N4096_q2_rep4,4,R1_EVENT_OVERLAP,NCCL,C2_RING_SIMPLE_CH8,2048,4096,2048,2,8388608,46,386.240,681.568,685.216,392.064,8052.064,7683.680,8055.520,PASS,0.000,0.000,0,0
PHASEB_formal_r1_C2_RING_SIMPLE_CH8_N4096_q2_rep4,4,R1_EVENT_OVERLAP,NCCL,C2_RING_SIMPLE_CH8,2048,4096,2048,2,8388608,47,377.760,683.104,686.496,384.544,8043.775,7682.304,8047.200,PASS,0.000,0.000,0,0
PHASEB_formal_r1_C2_RING_SIMPLE_CH8_N4096_q2_rep4,4,R1_EVENT_OVERLAP,NCCL,C2_RING_SIMPLE_CH8,2048,4096,2048,2,8388608,48,386.720,689.888,693.344,392.608,8074.400,7681.792,8077.824,PASS,0.000,0.000,0,0
PHASEB_formal_r1_C2_RING_SIMPLE_CH8_N4096_q2_rep4,4,R1_EVENT_OVERLAP,NCCL,C2_RING_SIMPLE_CH8,2048,4096,2048,2,8388608,49,358.496,675.296,679.328,365.536,8046.497,7682.368,8049.888,PASS,0.000,0.000,0,0
PHASEB_formal_r1_C2_RING_SIMPLE_CH8_N4096_q2_rep4,4,R1_EVENT_OVERLAP,NCCL,C2_RING_SIMPLE_CH8,2048,4096,2048,2,8388608,50,362.880,687.776,691.168,368.640,8041.983,7681.760,8045.408,PASS,0.000,0.000,0,0
PHASEB_formal_r1_C2_RING_SIMPLE_CH8_N4096_q2_rep4,4,R1_EVENT_OVERLAP,NCCL,C2_RING_SIMPLE_CH8,2048,4096,2048,2,8388608,51,360.480,696.128,699.552,367.392,8047.712,7680.320,8051.296,PASS,0.000,0.000,0,0
PHASEB_formal_r1_C2_RING_SIMPLE_CH8_N4096_q2_rep4,4,R1_EVENT_OVERLAP,NCCL,C2_RING_SIMPLE_CH8,2048,4096,2048,2,8388608,52,360.672,686.368,689.728,366.528,8038.751,7681.984,8042.176,PASS,0.000,0.000,0,0
PHASEB_formal_r1_C2_RING_SIMPLE_CH8_N4096_q2_rep4,4,R1_EVENT_OVERLAP,NCCL,C2_RING_SIMPLE_CH8,2048,4096,2048,2,8388608,53,361.312,698.016,702.304,368.128,8051.936,7683.808,8055.520,PASS,0.000,0.000,0,0
PHASEB_formal_r1_C2_RING_SIMPLE_CH8_N4096_q2_rep4,4,R1_EVENT_OVERLAP,NCCL,C2_RING_SIMPLE_CH8,2048,4096,2048,2,8388608,54,380.704,680.928,684.384,386.848,8052.448,7681.728,8055.872,PASS,0.000,0.000,0,0
PHASEB_formal_r1_C2_RING_SIMPLE_CH8_N4096_q2_rep4,4,R1_EVENT_OVERLAP,NCCL,C2_RING_SIMPLE_CH8,2048,4096,2048,2,8388608,55,360.320,673.792,677.408,367.424,8048.928,7681.504,8052.352,PASS,0.000,0.000,0,0
PHASEB_formal_r1_C2_RING_SIMPLE_CH8_N4096_q2_rep4,4,R1_EVENT_OVERLAP,NCCL,C2_RING_SIMPLE_CH8,2048,4096,2048,2,8388608,56,361.952,694.400,698.464,367.808,8049.216,7683.776,8052.640,PASS,0.000,0.000,0,0
PHASEB_formal_r1_C2_RING_SIMPLE_CH8_N4096_q2_rep4,4,R1_EVENT_OVERLAP,NCCL,C2_RING_SIMPLE_CH8,2048,4096,2048,2,8388608,57,364.352,677.696,681.120,371.552,8061.696,7693.952,8065.120,PASS,0.000,0.000,0,0
PHASEB_formal_r1_C2_RING_SIMPLE_CH8_N4096_q2_rep4,4,R1_EVENT_OVERLAP,NCCL,C2_RING_SIMPLE_CH8,2048,4096,2048,2,8388608,58,362.080,676.288,679.712,368.128,8039.872,7680.960,8043.680,PASS,0.000,0.000,0,0
PHASEB_formal_r1_C2_RING_SIMPLE_CH8_N4096_q2_rep4,4,R1_EVENT_OVERLAP,NCCL,C2_RING_SIMPLE_CH8,2048,4096,2048,2,8388608,59,365.920,657.664,661.088,373.056,8052.160,7679.104,8055.584,PASS,0.000,0.000,0,0
PHASEB_formal_r1_C2_RING_SIMPLE_CH8_N4096_q2_rep4,4,R1_EVENT_OVERLAP,NCCL,C2_RING_SIMPLE_CH8,2048,4096,2048,2,8388608,60,359.840,679.072,682.464,365.856,8044.320,7678.720,8047.744,PASS,0.000,0.000,0,0
PHASEB_formal_r1_C2_RING_SIMPLE_CH8_N4096_q2_rep4,4,R1_EVENT_OVERLAP,NCCL,C2_RING_SIMPLE_CH8,2048,4096,2048,2,8388608,61,379.584,669.696,673.312,387.584,8045.216,7683.392,8048.640,PASS,0.000,0.000,0,0
PHASEB_formal_r1_C2_RING_SIMPLE_CH8_N4096_q2_rep4,4,R1_EVENT_OVERLAP,NCCL,C2_RING_SIMPLE_CH8,2048,4096,2048,2,8388608,62,386.688,702.528,705.920,393.184,8049.729,7678.976,8053.152,PASS,0.000,0.000,0,0
PHASEB_formal_r1_C2_RING_SIMPLE_CH8_N4096_q2_rep4,4,R1_EVENT_OVERLAP,NCCL,C2_RING_SIMPLE_CH8,2048,4096,2048,2,8388608,63,381.760,672.064,675.392,388.512,8046.912,7683.136,8050.496,PASS,0.000,0.000,0,0
PHASEB_formal_r1_C2_RING_SIMPLE_CH8_N4096_q2_rep4,4,R1_EVENT_OVERLAP,NCCL,C2_RING_SIMPLE_CH8,2048,4096,2048,2,8388608,64,385.248,684.384,688.064,390.976,8046.912,7679.872,8050.336,PASS,0.000,0.000,0,0
PHASEB_formal_r1_C2_RING_SIMPLE_CH8_N4096_q2_rep4,4,R1_EVENT_OVERLAP,NCCL,C2_RING_SIMPLE_CH8,2048,4096,2048,2,8388608,65,358.976,665.504,669.088,365.888,8056.096,7690.208,8059.520,PASS,0.000,0.000,0,0
PHASEB_formal_r1_C2_RING_SIMPLE_CH8_N4096_q2_rep4,4,R1_EVENT_OVERLAP,NCCL,C2_RING_SIMPLE_CH8,2048,4096,2048,2,8388608,66,382.304,680.224,683.968,388.320,8046.464,7679.680,8049.920,PASS,0.000,0.000,0,0
PHASEB_formal_r1_C2_RING_SIMPLE_CH8_N4096_q2_rep4,4,R1_EVENT_OVERLAP,NCCL,C2_RING_SIMPLE_CH8,2048,4096,2048,2,8388608,67,360.032,661.792,665.568,367.104,8056.032,7692.704,8059.456,PASS,0.000,0.000,0,0
PHASEB_formal_r1_C2_RING_SIMPLE_CH8_N4096_q2_rep4,4,R1_EVENT_OVERLAP,NCCL,C2_RING_SIMPLE_CH8,2048,4096,2048,2,8388608,68,361.920,681.824,686.080,368.032,8044.993,7681.248,8048.448,PASS,0.000,0.000,0,0
PHASEB_formal_r1_C2_RING_SIMPLE_CH8_N4096_q2_rep4,4,R1_EVENT_OVERLAP,NCCL,C2_RING_SIMPLE_CH8,2048,4096,2048,2,8388608,69,359.264,662.080,665.568,366.880,8043.872,7680.576,8047.295,PASS,0.000,0.000,0,0
PHASEB_formal_r1_C2_RING_SIMPLE_CH8_N4096_q2_rep4,4,R1_EVENT_OVERLAP,NCCL,C2_RING_SIMPLE_CH8,2048,4096,2048,2,8388608,70,366.304,696.256,699.680,372.288,8048.225,7679.104,8051.648,PASS,0.000,0.000,0,0
PHASEB_formal_r1_C2_RING_SIMPLE_CH8_N4096_q2_rep4,4,R1_EVENT_OVERLAP,NCCL,C2_RING_SIMPLE_CH8,2048,4096,2048,2,8388608,71,380.480,683.712,687.104,387.936,8045.152,7680.192,8048.608,PASS,0.000,0.000,0,0
PHASEB_formal_r1_C2_RING_SIMPLE_CH8_N4096_q2_rep4,4,R1_EVENT_OVERLAP,NCCL,C2_RING_SIMPLE_CH8,2048,4096,2048,2,8388608,72,366.112,682.368,685.696,372.192,8053.056,7691.200,8056.480,PASS,0.000,0.000,0,0
PHASEB_formal_r1_C2_RING_SIMPLE_CH8_N4096_q2_rep4,4,R1_EVENT_OVERLAP,NCCL,C2_RING_SIMPLE_CH8,2048,4096,2048,2,8388608,73,383.072,691.584,695.520,390.848,8051.680,7688.544,8055.520,PASS,0.000,0.000,0,0
PHASEB_formal_r1_C2_RING_SIMPLE_CH8_N4096_q2_rep4,4,R1_EVENT_OVERLAP,NCCL,C2_RING_SIMPLE_CH8,2048,4096,2048,2,8388608,74,361.664,663.360,667.136,367.424,8045.696,7678.272,8049.152,PASS,0.000,0.000,0,0
PHASEB_formal_r1_C2_RING_SIMPLE_CH8_N4096_q2_rep4,4,R1_EVENT_OVERLAP,NCCL,C2_RING_SIMPLE_CH8,2048,4096,2048,2,8388608,75,356.832,692.352,695.776,364.672,8041.888,7680.096,8045.280,PASS,0.000,0.000,0,0
PHASEB_formal_r1_C2_RING_SIMPLE_CH8_N4096_q2_rep4,4,R1_EVENT_OVERLAP,NCCL,C2_RING_SIMPLE_CH8,2048,4096,2048,2,8388608,76,359.264,664.064,667.488,366.080,8045.024,7680.096,8048.448,PASS,0.000,0.000,0,0
PHASEB_formal_r1_C2_RING_SIMPLE_CH8_N4096_q2_rep4,4,R1_EVENT_OVERLAP,NCCL,C2_RING_SIMPLE_CH8,2048,4096,2048,2,8388608,77,387.104,694.976,698.560,394.240,8075.136,7680.896,8078.592,PASS,0.000,0.000,0,0
PHASEB_formal_r1_C2_RING_SIMPLE_CH8_N4096_q2_rep4,4,R1_EVENT_OVERLAP,NCCL,C2_RING_SIMPLE_CH8,2048,4096,2048,2,8388608,78,388.384,674.592,677.920,394.112,8043.392,7682.848,8046.848,PASS,0.000,0.000,0,0
PHASEB_formal_r1_C2_RING_SIMPLE_CH8_N4096_q2_rep4,4,R1_EVENT_OVERLAP,NCCL,C2_RING_SIMPLE_CH8,2048,4096,2048,2,8388608,79,366.560,708.480,712.832,373.344,8057.504,7684.160,8060.928,PASS,0.000,0.000,0,0
