strategy,iteration,rank,q,slice,t_release_us
B0_FULL_SERIAL,0,3,4,0,439.487993717
B0_FULL_SERIAL,0,3,4,1,443.008005619
B0_FULL_SERIAL,0,3,4,2,446.655988693
B0_FULL_SERIAL,0,3,4,3,450.143992901
B0_FULL_SERIAL,1,3,4,0,2292.00005531
B0_FULL_SERIAL,1,3,4,1,2295.5520153
B0_FULL_SERIAL,1,3,4,2,2299.1039753
B0_FULL_SERIAL,1,3,4,3,2302.65593529
B0_FULL_SERIAL,2,3,4,0,606.271982193
B0_FULL_SERIAL,2,3,4,1,609.824001789
B0_FULL_SERIAL,2,3,4,2,613.344013691
B0_FULL_SERIAL,2,3,4,3,616.864025593
B0_FULL_SERIAL,3,3,4,0,1049.28004742
B0_FULL_SERIAL,3,3,4,1,1052.83200741
B0_FULL_SERIAL,3,3,4,2,1056.3839674
B0_FULL_SERIAL,3,3,4,3,1059.9360466
B0_FULL_SERIAL,4,3,4,0,472.319990396
B0_FULL_SERIAL,4,3,4,1,475.872009993
B0_FULL_SERIAL,4,3,4,2,479.423999786
B0_FULL_SERIAL,4,3,4,3,483.007997274
B0_FULL_SERIAL,5,3,4,0,675.007998943
B0_FULL_SERIAL,5,3,4,1,678.943991661
B0_FULL_SERIAL,5,3,4,2,682.847976685
B0_FULL_SERIAL,5,3,4,3,686.784029007
B0_FULL_SERIAL,6,3,4,0,535.488009453
B0_FULL_SERIAL,6,3,4,1,539.456009865
B0_FULL_SERIAL,6,3,4,2,543.359994888
B0_FULL_SERIAL,6,3,4,3,547.295987606
B0_FULL_SERIAL,7,3,4,0,1149.76000786
B0_FULL_SERIAL,7,3,4,1,1153.72800827
B0_FULL_SERIAL,7,3,4,2,1157.72795677
B0_FULL_SERIAL,7,3,4,3,1161.72802448
B0_FULL_SERIAL,8,3,4,0,499.231994152
B0_FULL_SERIAL,8,3,4,1,503.199994564
B0_FULL_SERIAL,8,3,4,2,507.488012314
B0_FULL_SERIAL,8,3,4,3,511.424005032
B0_FULL_SERIAL,9,3,4,0,3362.72001266
B0_FULL_SERIAL,9,3,4,1,3367.13600159
B0_FULL_SERIAL,9,3,4,2,3371.104002
B0_FULL_SERIAL,9,3,4,3,3375.07200241
B0_FULL_SERIAL,10,3,4,0,1200.54399967
B0_FULL_SERIAL,10,3,4,1,1204.54394817
B0_FULL_SERIAL,10,3,4,2,1208.54401588
B0_FULL_SERIAL,10,3,4,3,1212.5120163
B0_FULL_SERIAL,11,3,4,0,885.824024677
B0_FULL_SERIAL,11,3,4,1,889.823973179
B0_FULL_SERIAL,11,3,4,2,893.791973591
B0_FULL_SERIAL,11,3,4,3,897.728025913
B0_FULL_SERIAL,12,3,4,0,1414.11197186
B0_FULL_SERIAL,12,3,4,1,1418.11203957
B0_FULL_SERIAL,12,3,4,2,1422.08003998
B0_FULL_SERIAL,12,3,4,3,1426.04804039
B0_FULL_SERIAL,13,3,4,0,1811.23197079
B0_FULL_SERIAL,13,3,4,1,1815.13595581
B0_FULL_SERIAL,13,3,4,2,1819.07200813
B0_FULL_SERIAL,13,3,4,3,1823.00794125
B0_FULL_SERIAL,14,3,4,0,10188.6081696
B0_FULL_SERIAL,14,3,4,1,10192.6078796
B0_FULL_SERIAL,14,3,4,2,10196.5761185
B0_FULL_SERIAL,14,3,4,3,10200.5119324
B0_FULL_SERIAL,15,3,4,0,582.912027836
B0_FULL_SERIAL,15,3,4,1,586.911976337
B0_FULL_SERIAL,15,3,4,2,590.84802866
B0_FULL_SERIAL,15,3,4,3,594.720005989
B0_FULL_SERIAL,16,3,4,0,1373.53599072
B0_FULL_SERIAL,16,3,4,1,1377.50399113
B0_FULL_SERIAL,16,3,4,2,1381.60002232
B0_FULL_SERIAL,16,3,4,3,1385.59997082
B0_FULL_SERIAL,17,3,4,0,802.911996841
B0_FULL_SERIAL,17,3,4,1,806.783974171
B0_FULL_SERIAL,17,3,4,2,810.688018799
B0_FULL_SERIAL,17,3,4,3,814.624011517
B0_FULL_SERIAL,18,3,4,0,500.191986561
B0_FULL_SERIAL,18,3,4,1,504.127979279
B0_FULL_SERIAL,18,3,4,2,508.288025856
B0_FULL_SERIAL,18,3,4,3,512.224018574
B0_FULL_SERIAL,19,3,4,0,640.927970409
B0_FULL_SERIAL,19,3,4,1,644.767999649
B0_FULL_SERIAL,19,3,4,2,648.736000061
B0_FULL_SERIAL,19,3,4,3,652.736008167
B0_FULL_SERIAL,20,3,4,0,514.912009239
B0_FULL_SERIAL,20,3,4,1,518.848001957
B0_FULL_SERIAL,20,3,4,2,522.75198698
B0_FULL_SERIAL,20,3,4,3,526.655972004
B0_FULL_SERIAL,21,3,4,0,567.135989666
B0_FULL_SERIAL,21,3,4,1,571.135997772
B0_FULL_SERIAL,21,3,4,2,575.136005878
B0_FULL_SERIAL,21,3,4,3,579.136013985
B0_FULL_SERIAL,22,3,4,0,552.128016949
B0_FULL_SERIAL,22,3,4,1,556.096017361
B0_FULL_SERIAL,22,3,4,2,560.064017773
B0_FULL_SERIAL,22,3,4,3,564.00001049
B0_FULL_SERIAL,23,3,4,0,541.952013969
B0_FULL_SERIAL,23,3,4,1,545.823991299
B0_FULL_SERIAL,23,3,4,2,549.664020538
B0_FULL_SERIAL,23,3,4,3,553.535997868
B0_FULL_SERIAL,24,3,4,0,606.815993786
B0_FULL_SERIAL,24,3,4,1,610.719978809
B0_FULL_SERIAL,24,3,4,2,614.75199461
B0_FULL_SERIAL,24,3,4,3,618.719995022
B0_FULL_SERIAL,25,3,4,0,585.120022297
B0_FULL_SERIAL,25,3,4,1,589.088022709
B0_FULL_SERIAL,25,3,4,2,593.08797121
B0_FULL_SERIAL,25,3,4,3,597.024023533
B0_FULL_SERIAL,26,3,4,0,568.895995617
B0_FULL_SERIAL,26,3,4,1,572.863996029
B0_FULL_SERIAL,26,3,4,2,576.799988747
B0_FULL_SERIAL,26,3,4,3,580.799996853
B0_FULL_SERIAL,27,3,4,0,789.439976215
B0_FULL_SERIAL,27,3,4,1,793.344020844
B0_FULL_SERIAL,27,3,4,2,797.312021255
B0_FULL_SERIAL,27,3,4,3,801.280021667
B0_FULL_SERIAL,28,3,4,0,586.14397049
B0_FULL_SERIAL,28,3,4,1,590.048015118
B0_FULL_SERIAL,28,3,4,2,594.079971313
B0_FULL_SERIAL,28,3,4,3,598.047971725
B0_FULL_SERIAL,29,3,4,0,607.55199194
B0_FULL_SERIAL,29,3,4,1,611.58400774
B0_FULL_SERIAL,29,3,4,2,615.552008152
B0_FULL_SERIAL,29,3,4,3,619.552016258
B0_FULL_SERIAL,30,3,4,0,5045.95184326
B0_FULL_SERIAL,30,3,4,1,5050.14419556
B0_FULL_SERIAL,30,3,4,2,5054.11195755
B0_FULL_SERIAL,30,3,4,3,5058.04777145
B0_FULL_SERIAL,31,3,4,0,493.952006102
B0_FULL_SERIAL,31,3,4,1,497.855991125
B0_FULL_SERIAL,31,3,4,2,501.792013645
B0_FULL_SERIAL,31,3,4,3,505.695998669
B0_FULL_SERIAL,32,3,4,0,563.80802393
B0_FULL_SERIAL,32,3,4,1,567.807972431
B0_FULL_SERIAL,32,3,4,2,571.744024754
B0_FULL_SERIAL,32,3,4,3,575.743973255
B0_FULL_SERIAL,33,3,4,0,533.663988113
B0_FULL_SERIAL,33,3,4,1,537.567973137
B0_FULL_SERIAL,33,3,4,2,541.504025459
B0_FULL_SERIAL,33,3,4,3,545.408010483
B0_FULL_SERIAL,34,3,4,0,584.191977978
B0_FULL_SERIAL,34,3,4,1,588.223993778
B0_FULL_SERIAL,34,3,4,2,592.159986496
B0_FULL_SERIAL,34,3,4,3,596.063971519
B0_FULL_SERIAL,35,3,4,0,581.535995007
B0_FULL_SERIAL,35,3,4,1,585.727989674
B0_FULL_SERIAL,35,3,4,2,589.695990086
B0_FULL_SERIAL,35,3,4,3,593.695998192
B0_FULL_SERIAL,36,3,4,0,533.855974674
B0_FULL_SERIAL,36,3,4,1,537.823975086
B0_FULL_SERIAL,36,3,4,2,541.823983192
B0_FULL_SERIAL,36,3,4,3,545.75997591
B0_FULL_SERIAL,37,3,4,0,2609.53593254
B0_FULL_SERIAL,37,3,4,1,2613.37590218
B0_FULL_SERIAL,37,3,4,2,2617.72799492
B0_FULL_SERIAL,37,3,4,3,2621.63209915
B0_FULL_SERIAL,38,3,4,0,605.311989784
B0_FULL_SERIAL,38,3,4,1,609.31199789
B0_FULL_SERIAL,38,3,4,2,613.312005997
B0_FULL_SERIAL,38,3,4,3,617.312014103
B0_FULL_SERIAL,39,3,4,0,637.247979641
B0_FULL_SERIAL,39,3,4,1,641.215980053
B0_FULL_SERIAL,39,3,4,2,645.215988159
B0_FULL_SERIAL,39,3,4,3,649.183988571
B0_FULL_SERIAL,40,3,4,0,656.063973904
B0_FULL_SERIAL,40,3,4,1,659.936010838
B0_FULL_SERIAL,40,3,4,2,663.872003555
B0_FULL_SERIAL,40,3,4,3,667.840003967
B0_FULL_SERIAL,41,3,4,0,535.808026791
B0_FULL_SERIAL,41,3,4,1,539.776027203
B0_FULL_SERIAL,41,3,4,2,543.775975704
B0_FULL_SERIAL,41,3,4,3,547.743976116
B0_FULL_SERIAL,42,3,4,0,517.279982567
B0_FULL_SERIAL,42,3,4,1,521.279990673
B0_FULL_SERIAL,42,3,4,2,525.247991085
B0_FULL_SERIAL,42,3,4,3,529.247999191
B0_FULL_SERIAL,43,3,4,0,612.287998199
B0_FULL_SERIAL,43,3,4,1,617.120027542
B0_FULL_SERIAL,43,3,4,2,621.119976044
B0_FULL_SERIAL,43,3,4,3,625.11998415
B0_FULL_SERIAL,44,3,4,0,561.98400259
B0_FULL_SERIAL,44,3,4,1,565.919995308
B0_FULL_SERIAL,44,3,4,2,570.272028446
B0_FULL_SERIAL,44,3,4,3,574.271976948
B0_FULL_SERIAL,45,3,4,0,502.207994461
B0_FULL_SERIAL,45,3,4,1,506.175994873
B0_FULL_SERIAL,45,3,4,2,510.176002979
B0_FULL_SERIAL,45,3,4,3,514.144003391
B0_FULL_SERIAL,46,3,4,0,624.736011028
B0_FULL_SERIAL,46,3,4,1,628.768026829
B0_FULL_SERIAL,46,3,4,2,632.736027241
B0_FULL_SERIAL,46,3,4,3,636.672019958
B0_FULL_SERIAL,47,3,4,0,522.527992725
B0_FULL_SERIAL,47,3,4,1,526.719987392
B0_FULL_SERIAL,47,3,4,2,530.687987804
B0_FULL_SERIAL,47,3,4,3,534.655988216
B0_FULL_SERIAL,48,3,4,0,516.319990158
B0_FULL_SERIAL,48,3,4,1,520.28799057
B0_FULL_SERIAL,48,3,4,2,524.223983288
B0_FULL_SERIAL,48,3,4,3,528.255999088
B0_FULL_SERIAL,49,3,4,0,547.872006893
B0_FULL_SERIAL,49,3,4,1,551.807999611
B0_FULL_SERIAL,49,3,4,2,555.776000023
B0_FULL_SERIAL,49,3,4,3,559.711992741
B1_SLICE_SERIAL,0,3,4,0,221.791997552
B1_SLICE_SERIAL,0,3,4,1,9472.38445282
B1_SLICE_SERIAL,0,3,4,2,18725.5363464
B1_SLICE_SERIAL,0,3,4,3,27984.3845367
B1_SLICE_SERIAL,1,3,4,0,589.28000927
B1_SLICE_SERIAL,1,3,4,1,9832.03220367
B1_SLICE_SERIAL,1,3,4,2,19083.8394165
B1_SLICE_SERIAL,1,3,4,3,28340.3835297
B1_SLICE_SERIAL,2,3,4,0,567.551970482
B1_SLICE_SERIAL,2,3,4,1,9824.83196259
B1_SLICE_SERIAL,2,3,4,2,19113.3766174
B1_SLICE_SERIAL,2,3,4,3,28351.2954712
B1_SLICE_SERIAL,3,3,4,0,271.328002214
B1_SLICE_SERIAL,3,3,4,1,9559.87167358
B1_SLICE_SERIAL,3,3,4,2,18835.7448578
B1_SLICE_SERIAL,3,3,4,3,28084.9609375
B1_SLICE_SERIAL,4,3,4,0,520.192027092
B1_SLICE_SERIAL,4,3,4,1,9772.35221863
B1_SLICE_SERIAL,4,3,4,2,19029.1194916
B1_SLICE_SERIAL,4,3,4,3,28280.544281
B1_SLICE_SERIAL,5,3,4,0,268.736004829
B1_SLICE_SERIAL,5,3,4,1,9527.96840668
B1_SLICE_SERIAL,5,3,4,2,18784.6393585
B1_SLICE_SERIAL,5,3,4,3,28035.7761383
B1_SLICE_SERIAL,6,3,4,0,229.504004121
B1_SLICE_SERIAL,6,3,4,1,9488.99173737
B1_SLICE_SERIAL,6,3,4,2,18741.9528961
B1_SLICE_SERIAL,6,3,4,3,28016.7350769
B1_SLICE_SERIAL,7,3,4,0,497.63199687
B1_SLICE_SERIAL,7,3,4,1,9747.74360657
B1_SLICE_SERIAL,7,3,4,2,19031.8088531
B1_SLICE_SERIAL,7,3,4,3,28284.1911316
B1_SLICE_SERIAL,8,3,4,0,367.264002562
B1_SLICE_SERIAL,8,3,4,1,9623.23188782
B1_SLICE_SERIAL,8,3,4,2,18904.3521881
B1_SLICE_SERIAL,8,3,4,3,28153.9840698
B1_SLICE_SERIAL,9,3,4,0,351.072013378
B1_SLICE_SERIAL,9,3,4,1,9606.08005524
B1_SLICE_SERIAL,9,3,4,2,18859.7755432
B1_SLICE_SERIAL,9,3,4,3,28107.5839996
B1_SLICE_SERIAL,10,3,4,0,489.439994097
B1_SLICE_SERIAL,10,3,4,1,9740.96012115
B1_SLICE_SERIAL,10,3,4,2,19024.6391296
B1_SLICE_SERIAL,10,3,4,3,28273.4718323
B1_SLICE_SERIAL,11,3,4,0,382.560014725
B1_SLICE_SERIAL,11,3,4,1,9662.62435913
B1_SLICE_SERIAL,11,3,4,2,18916.5439606
B1_SLICE_SERIAL,11,3,4,3,28175.8403778
B1_SLICE_SERIAL,12,3,4,0,315.295994282
B1_SLICE_SERIAL,12,3,4,1,9560.12821198
B1_SLICE_SERIAL,12,3,4,2,18842.5598145
B1_SLICE_SERIAL,12,3,4,3,28092.1287537
B1_SLICE_SERIAL,13,3,4,0,344.384014606
B1_SLICE_SERIAL,13,3,4,1,9599.55215454
B1_SLICE_SERIAL,13,3,4,2,18851.2001038
B1_SLICE_SERIAL,13,3,4,3,28107.8720093
B1_SLICE_SERIAL,14,3,4,0,221.024006605
B1_SLICE_SERIAL,14,3,4,1,9468.70422363
B1_SLICE_SERIAL,14,3,4,2,18753.7918091
B1_SLICE_SERIAL,14,3,4,3,28001.9512177
B1_SLICE_SERIAL,15,3,4,0,226.623997092
B1_SLICE_SERIAL,15,3,4,1,9484.31968689
B1_SLICE_SERIAL,15,3,4,2,18768.0969238
B1_SLICE_SERIAL,15,3,4,3,28019.5198059
B1_SLICE_SERIAL,16,3,4,0,399.616003036
B1_SLICE_SERIAL,16,3,4,1,9652.95982361
B1_SLICE_SERIAL,16,3,4,2,18935.6155396
B1_SLICE_SERIAL,16,3,4,3,28182.7831268
B1_SLICE_SERIAL,17,3,4,0,324.959993362
B1_SLICE_SERIAL,17,3,4,1,9574.91207123
B1_SLICE_SERIAL,17,3,4,2,18835.2642059
B1_SLICE_SERIAL,17,3,4,3,28123.2967377
B1_SLICE_SERIAL,18,3,4,0,376.639991999
B1_SLICE_SERIAL,18,3,4,1,9634.91153717
B1_SLICE_SERIAL,18,3,4,2,18888.8969421
B1_SLICE_SERIAL,18,3,4,3,28144.4168091
B1_SLICE_SERIAL,19,3,4,0,218.751996756
B1_SLICE_SERIAL,19,3,4,1,9482.30361938
B1_SLICE_SERIAL,19,3,4,2,18736.0649109
B1_SLICE_SERIAL,19,3,4,3,27989.408493
B1_SLICE_SERIAL,20,3,4,0,210.976004601
B1_SLICE_SERIAL,20,3,4,1,9467.61608124
B1_SLICE_SERIAL,20,3,4,2,18742.3992157
B1_SLICE_SERIAL,20,3,4,3,27995.4566956
B1_SLICE_SERIAL,21,3,4,0,514.111995697
B1_SLICE_SERIAL,21,3,4,1,9767.74406433
B1_SLICE_SERIAL,21,3,4,2,19025.3753662
B1_SLICE_SERIAL,21,3,4,3,28281.1203003
B1_SLICE_SERIAL,22,3,4,0,486.048012972
B1_SLICE_SERIAL,22,3,4,1,9747.03979492
B1_SLICE_SERIAL,22,3,4,2,19030.7197571
B1_SLICE_SERIAL,22,3,4,3,28272.1271515
B1_SLICE_SERIAL,23,3,4,0,336.831986904
B1_SLICE_SERIAL,23,3,4,1,9584.67197418
B1_SLICE_SERIAL,23,3,4,2,18846.5270996
B1_SLICE_SERIAL,23,3,4,3,28098.8807678
B1_SLICE_SERIAL,24,3,4,0,205.568000674
B1_SLICE_SERIAL,24,3,4,1,9465.34442902
B1_SLICE_SERIAL,24,3,4,2,18717.7600861
B1_SLICE_SERIAL,24,3,4,3,27966.7205811
B1_SLICE_SERIAL,25,3,4,0,205.888003111
B1_SLICE_SERIAL,25,3,4,1,9460.22415161
B1_SLICE_SERIAL,25,3,4,2,18715.6791687
B1_SLICE_SERIAL,25,3,4,3,27968.1282043
B1_SLICE_SERIAL,26,3,4,0,242.688000202
B1_SLICE_SERIAL,26,3,4,1,9495.93639374
B1_SLICE_SERIAL,26,3,4,2,18747.0397949
B1_SLICE_SERIAL,26,3,4,3,28000.2555847
B1_SLICE_SERIAL,27,3,4,0,268.095999956
B1_SLICE_SERIAL,27,3,4,1,9523.67973328
B1_SLICE_SERIAL,27,3,4,2,18778.2726288
B1_SLICE_SERIAL,27,3,4,3,28031.583786
B1_SLICE_SERIAL,28,3,4,0,598.591983318
B1_SLICE_SERIAL,28,3,4,1,9882.0476532
B1_SLICE_SERIAL,28,3,4,2,19128.9920807
B1_SLICE_SERIAL,28,3,4,3,28380.1288605
B1_SLICE_SERIAL,29,3,4,0,7382.75194168
B1_SLICE_SERIAL,29,3,4,1,16644.0963745
B1_SLICE_SERIAL,29,3,4,2,25948.2879639
B1_SLICE_SERIAL,29,3,4,3,35185.5049133
B1_SLICE_SERIAL,30,3,4,0,216.000005603
B1_SLICE_SERIAL,30,3,4,1,9470.46375275
B1_SLICE_SERIAL,30,3,4,2,18726.4633179
B1_SLICE_SERIAL,30,3,4,3,27981.8248749
B1_SLICE_SERIAL,31,3,4,0,371.199995279
B1_SLICE_SERIAL,31,3,4,1,9627.90393829
B1_SLICE_SERIAL,31,3,4,2,18904.2243958
B1_SLICE_SERIAL,31,3,4,3,28161.6630554
B1_SLICE_SERIAL,32,3,4,0,269.695997238
B1_SLICE_SERIAL,32,3,4,1,9558.01582336
B1_SLICE_SERIAL,32,3,4,2,18812.0632172
B1_SLICE_SERIAL,32,3,4,3,28094.4957733
B1_SLICE_SERIAL,33,3,4,0,223.199993372
B1_SLICE_SERIAL,33,3,4,1,9483.16764832
B1_SLICE_SERIAL,33,3,4,2,18730.5927277
B1_SLICE_SERIAL,33,3,4,3,28007.6160431
B1_SLICE_SERIAL,34,3,4,0,362.208008766
B1_SLICE_SERIAL,34,3,4,1,9621.15192413
B1_SLICE_SERIAL,34,3,4,2,18874.5594025
B1_SLICE_SERIAL,34,3,4,3,28127.4242401
B1_SLICE_SERIAL,35,3,4,0,714.208006859
B1_SLICE_SERIAL,35,3,4,1,9964.15996552
B1_SLICE_SERIAL,35,3,4,2,19253.5991669
B1_SLICE_SERIAL,35,3,4,3,28503.1032562
B1_SLICE_SERIAL,36,3,4,0,204.416006804
B1_SLICE_SERIAL,36,3,4,1,9464.89620209
B1_SLICE_SERIAL,36,3,4,2,18741.727829
B1_SLICE_SERIAL,36,3,4,3,28001.5354156
B1_SLICE_SERIAL,37,3,4,0,337.056010962
B1_SLICE_SERIAL,37,3,4,1,9593.66416931
B1_SLICE_SERIAL,37,3,4,2,18878.6563873
B1_SLICE_SERIAL,37,3,4,3,28133.2168579
B1_SLICE_SERIAL,38,3,4,0,518.176019192
B1_SLICE_SERIAL,38,3,4,1,9767.80796051
B1_SLICE_SERIAL,38,3,4,2,19022.2396851
B1_SLICE_SERIAL,38,3,4,3,28281.7287445
B1_SLICE_SERIAL,39,3,4,0,312.959998846
B1_SLICE_SERIAL,39,3,4,1,9573.95172119
B1_SLICE_SERIAL,39,3,4,2,18849.5998383
B1_SLICE_SERIAL,39,3,4,3,28105.0872803
B1_SLICE_SERIAL,40,3,4,0,317.407995462
B1_SLICE_SERIAL,40,3,4,1,9567.8396225
B1_SLICE_SERIAL,40,3,4,2,18822.1759796
B1_SLICE_SERIAL,40,3,4,3,28068.8648224
B1_SLICE_SERIAL,41,3,4,0,321.087986231
B1_SLICE_SERIAL,41,3,4,1,9581.60018921
B1_SLICE_SERIAL,41,3,4,2,18839.0083313
B1_SLICE_SERIAL,41,3,4,3,28093.3761597
B1_SLICE_SERIAL,42,3,4,0,365.696012974
B1_SLICE_SERIAL,42,3,4,1,9656.6400528
B1_SLICE_SERIAL,42,3,4,2,18916.1605835
B1_SLICE_SERIAL,42,3,4,3,28165.9202576
B1_SLICE_SERIAL,43,3,4,0,220.768004656
B1_SLICE_SERIAL,43,3,4,1,9465.08789062
B1_SLICE_SERIAL,43,3,4,2,18716.0320282
B1_SLICE_SERIAL,43,3,4,3,27968.0328369
B1_SLICE_SERIAL,44,3,4,0,219.104006886
B1_SLICE_SERIAL,44,3,4,1,9478.7197113
B1_SLICE_SERIAL,44,3,4,2,18727.1366119
B1_SLICE_SERIAL,44,3,4,3,27984.3845367
B1_SLICE_SERIAL,45,3,4,0,370.911985636
B1_SLICE_SERIAL,45,3,4,1,9621.12045288
B1_SLICE_SERIAL,45,3,4,2,18878.112793
B1_SLICE_SERIAL,45,3,4,3,28126.4953613
B1_SLICE_SERIAL,46,3,4,0,362.911999226
B1_SLICE_SERIAL,46,3,4,1,9600.06427765
B1_SLICE_SERIAL,46,3,4,2,18854.8793793
B1_SLICE_SERIAL,46,3,4,3,28108.5758209
B1_SLICE_SERIAL,47,3,4,0,320.80000639
B1_SLICE_SERIAL,47,3,4,1,9579.39243317
B1_SLICE_SERIAL,47,3,4,2,18831.3274384
B1_SLICE_SERIAL,47,3,4,3,28087.392807
B1_SLICE_SERIAL,48,3,4,0,522.30399847
B1_SLICE_SERIAL,48,3,4,1,9762.81642914
B1_SLICE_SERIAL,48,3,4,2,19017.7593231
B1_SLICE_SERIAL,48,3,4,3,28266.4318085
B1_SLICE_SERIAL,49,3,4,0,454.400002956
B1_SLICE_SERIAL,49,3,4,1,9703.93562317
B1_SLICE_SERIAL,49,3,4,2,19003.5514832
B1_SLICE_SERIAL,49,3,4,3,28253.1833649
B2_SLICE_EVENT_OVERLAP,0,3,4,0,213.312000036
B2_SLICE_EVENT_OVERLAP,0,3,4,1,378.432005644
B2_SLICE_EVENT_OVERLAP,0,3,4,2,9281.12030029
B2_SLICE_EVENT_OVERLAP,0,3,4,3,9475.71182251
B2_SLICE_EVENT_OVERLAP,1,3,4,0,224.160000682
B2_SLICE_EVENT_OVERLAP,1,3,4,1,425.855994225
B2_SLICE_EVENT_OVERLAP,1,3,4,2,9300.9595871
B2_SLICE_EVENT_OVERLAP,1,3,4,3,9485.79216003
B2_SLICE_EVENT_OVERLAP,2,3,4,0,212.224006653
B2_SLICE_EVENT_OVERLAP,2,3,4,1,391.936004162
B2_SLICE_EVENT_OVERLAP,2,3,4,2,9279.07180786
B2_SLICE_EVENT_OVERLAP,2,3,4,3,9469.24781799
B2_SLICE_EVENT_OVERLAP,3,3,4,0,304.383993149
B2_SLICE_EVENT_OVERLAP,3,3,4,1,499.839991331
B2_SLICE_EVENT_OVERLAP,3,3,4,2,9387.04013824
B2_SLICE_EVENT_OVERLAP,3,3,4,3,9581.79187775
B2_SLICE_EVENT_OVERLAP,4,3,4,0,215.231999755
B2_SLICE_EVENT_OVERLAP,4,3,4,1,403.16799283
B2_SLICE_EVENT_OVERLAP,4,3,4,2,9289.08824921
B2_SLICE_EVENT_OVERLAP,4,3,4,3,9473.91986847
B2_SLICE_EVENT_OVERLAP,5,3,4,0,230.783998966
B2_SLICE_EVENT_OVERLAP,5,3,4,1,409.056007862
B2_SLICE_EVENT_OVERLAP,5,3,4,2,9297.79243469
B2_SLICE_EVENT_OVERLAP,5,3,4,3,9481.95171356
B2_SLICE_EVENT_OVERLAP,6,3,4,0,370.272010565
B2_SLICE_EVENT_OVERLAP,6,3,4,1,546.112000942
B2_SLICE_EVENT_OVERLAP,6,3,4,2,9438.59195709
B2_SLICE_EVENT_OVERLAP,6,3,4,3,9628.16047668
B2_SLICE_EVENT_OVERLAP,7,3,4,0,211.712002754
B2_SLICE_EVENT_OVERLAP,7,3,4,1,406.304001808
B2_SLICE_EVENT_OVERLAP,7,3,4,2,9282.07969666
B2_SLICE_EVENT_OVERLAP,7,3,4,3,9463.93585205
B2_SLICE_EVENT_OVERLAP,8,3,4,0,296.128004789
B2_SLICE_EVENT_OVERLAP,8,3,4,1,471.552014351
B2_SLICE_EVENT_OVERLAP,8,3,4,2,9368.8955307
B2_SLICE_EVENT_OVERLAP,8,3,4,3,9565.82355499
B2_SLICE_EVENT_OVERLAP,9,3,4,0,274.527996778
B2_SLICE_EVENT_OVERLAP,9,3,4,1,446.624010801
B2_SLICE_EVENT_OVERLAP,9,3,4,2,9342.01622009
B2_SLICE_EVENT_OVERLAP,9,3,4,3,9530.81607819
B2_SLICE_EVENT_OVERLAP,10,3,4,0,222.719997168
B2_SLICE_EVENT_OVERLAP,10,3,4,1,449.696004391
B2_SLICE_EVENT_OVERLAP,10,3,4,2,9324.03182983
B2_SLICE_EVENT_OVERLAP,10,3,4,3,9503.84044647
B2_SLICE_EVENT_OVERLAP,11,3,4,0,393.59998703
B2_SLICE_EVENT_OVERLAP,11,3,4,1,562.272012234
B2_SLICE_EVENT_OVERLAP,11,3,4,2,9460.86406708
B2_SLICE_EVENT_OVERLAP,11,3,4,3,9648.12755585
B2_SLICE_EVENT_OVERLAP,12,3,4,0,221.568003297
B2_SLICE_EVENT_OVERLAP,12,3,4,1,415.968000889
B2_SLICE_EVENT_OVERLAP,12,3,4,2,9296.60797119
B2_SLICE_EVENT_OVERLAP,12,3,4,3,9481.7276001
B2_SLICE_EVENT_OVERLAP,13,3,4,0,533.37597847
B2_SLICE_EVENT_OVERLAP,13,3,4,1,712.57597208
B2_SLICE_EVENT_OVERLAP,13,3,4,2,9601.53579712
B2_SLICE_EVENT_OVERLAP,13,3,4,3,9786.91196442
B2_SLICE_EVENT_OVERLAP,14,3,4,0,200.543999672
B2_SLICE_EVENT_OVERLAP,14,3,4,1,417.504012585
B2_SLICE_EVENT_OVERLAP,14,3,4,2,9277.69565582
B2_SLICE_EVENT_OVERLAP,14,3,4,3,9460.3843689
B2_SLICE_EVENT_OVERLAP,15,3,4,0,219.584003091
B2_SLICE_EVENT_OVERLAP,15,3,4,1,432.608008385
B2_SLICE_EVENT_OVERLAP,15,3,4,2,9297.24788666
B2_SLICE_EVENT_OVERLAP,15,3,4,3,9475.80814362
B2_SLICE_EVENT_OVERLAP,16,3,4,0,369.152009487
B2_SLICE_EVENT_OVERLAP,16,3,4,1,540.383994579
B2_SLICE_EVENT_OVERLAP,16,3,4,2,9439.5198822
B2_SLICE_EVENT_OVERLAP,16,3,4,3,9628.38363647
B2_SLICE_EVENT_OVERLAP,17,3,4,0,295.359998941
B2_SLICE_EVENT_OVERLAP,17,3,4,1,474.783986807
B2_SLICE_EVENT_OVERLAP,17,3,4,2,9362.11204529
B2_SLICE_EVENT_OVERLAP,17,3,4,3,9544.32010651
B2_SLICE_EVENT_OVERLAP,18,3,4,0,223.104000092
B2_SLICE_EVENT_OVERLAP,18,3,4,1,407.168000937
B2_SLICE_EVENT_OVERLAP,18,3,4,2,9292.38414764
B2_SLICE_EVENT_OVERLAP,18,3,4,3,9488.32035065
B2_SLICE_EVENT_OVERLAP,19,3,4,0,370.687991381
B2_SLICE_EVENT_OVERLAP,19,3,4,1,550.592005253
B2_SLICE_EVENT_OVERLAP,19,3,4,2,9437.56771088
B2_SLICE_EVENT_OVERLAP,19,3,4,3,9622.17617035
B2_SLICE_EVENT_OVERLAP,20,3,4,0,309.920012951
B2_SLICE_EVENT_OVERLAP,20,3,4,1,497.023999691
B2_SLICE_EVENT_OVERLAP,20,3,4,2,9378.87954712
B2_SLICE_EVENT_OVERLAP,20,3,4,3,9561.79237366
B2_SLICE_EVENT_OVERLAP,21,3,4,0,201.951995492
B2_SLICE_EVENT_OVERLAP,21,3,4,1,411.136001348
B2_SLICE_EVENT_OVERLAP,21,3,4,2,9277.50396729
B2_SLICE_EVENT_OVERLAP,21,3,4,3,9463.04035187
B2_SLICE_EVENT_OVERLAP,22,3,4,0,207.967996597
B2_SLICE_EVENT_OVERLAP,22,3,4,1,414.943993092
B2_SLICE_EVENT_OVERLAP,22,3,4,2,9289.72816467
B2_SLICE_EVENT_OVERLAP,22,3,4,3,9476.67217255
B2_SLICE_EVENT_OVERLAP,23,3,4,0,546.815991402
B2_SLICE_EVENT_OVERLAP,23,3,4,1,716.799974442
B2_SLICE_EVENT_OVERLAP,23,3,4,2,9616.31965637
B2_SLICE_EVENT_OVERLAP,23,3,4,3,9807.32822418
B2_SLICE_EVENT_OVERLAP,24,3,4,0,346.592009068
B2_SLICE_EVENT_OVERLAP,24,3,4,1,530.592024326
B2_SLICE_EVENT_OVERLAP,24,3,4,2,9413.24806213
B2_SLICE_EVENT_OVERLAP,24,3,4,3,9601.53579712
B2_SLICE_EVENT_OVERLAP,25,3,4,0,313.120007515
B2_SLICE_EVENT_OVERLAP,25,3,4,1,483.007997274
B2_SLICE_EVENT_OVERLAP,25,3,4,2,9379.13608551
B2_SLICE_EVENT_OVERLAP,25,3,4,3,9564.3196106
B2_SLICE_EVENT_OVERLAP,26,3,4,0,385.888010263
B2_SLICE_EVENT_OVERLAP,26,3,4,1,562.304019928
B2_SLICE_EVENT_OVERLAP,26,3,4,2,9451.1680603
B2_SLICE_EVENT_OVERLAP,26,3,4,3,9632.41577148
B2_SLICE_EVENT_OVERLAP,27,3,4,0,385.760009289
B2_SLICE_EVENT_OVERLAP,27,3,4,1,573.279976845
B2_SLICE_EVENT_OVERLAP,27,3,4,2,9452.63957977
B2_SLICE_EVENT_OVERLAP,27,3,4,3,9632.51209259
B2_SLICE_EVENT_OVERLAP,28,3,4,0,226.33600235
B2_SLICE_EVENT_OVERLAP,28,3,4,1,401.216000319
B2_SLICE_EVENT_OVERLAP,28,3,4,2,9295.35961151
B2_SLICE_EVENT_OVERLAP,28,3,4,3,9493.63231659
B2_SLICE_EVENT_OVERLAP,29,3,4,0,390.527993441
B2_SLICE_EVENT_OVERLAP,29,3,4,1,579.680025578
B2_SLICE_EVENT_OVERLAP,29,3,4,2,9461.05575562
B2_SLICE_EVENT_OVERLAP,29,3,4,3,9648.03218842
B2_SLICE_EVENT_OVERLAP,30,3,4,0,220.607995987
B2_SLICE_EVENT_OVERLAP,30,3,4,1,393.983989954
B2_SLICE_EVENT_OVERLAP,30,3,4,2,9287.4879837
B2_SLICE_EVENT_OVERLAP,30,3,4,3,9480.9923172
B2_SLICE_EVENT_OVERLAP,31,3,4,0,377.407997847
B2_SLICE_EVENT_OVERLAP,31,3,4,1,561.183989048
B2_SLICE_EVENT_OVERLAP,31,3,4,2,9444.89574432
B2_SLICE_EVENT_OVERLAP,31,3,4,3,9631.8397522
B2_SLICE_EVENT_OVERLAP,32,3,4,0,533.728003502
B2_SLICE_EVENT_OVERLAP,32,3,4,1,707.167983055
B2_SLICE_EVENT_OVERLAP,32,3,4,2,9601.34410858
B2_SLICE_EVENT_OVERLAP,32,3,4,3,9791.00799561
B2_SLICE_EVENT_OVERLAP,33,3,4,0,1031.52000904
B2_SLICE_EVENT_OVERLAP,33,3,4,1,1209.18405056
B2_SLICE_EVENT_OVERLAP,33,3,4,2,10097.6324081
B2_SLICE_EVENT_OVERLAP,33,3,4,3,10281.0239792
B2_SLICE_EVENT_OVERLAP,34,3,4,0,334.719985723
B2_SLICE_EVENT_OVERLAP,34,3,4,1,515.168011189
B2_SLICE_EVENT_OVERLAP,34,3,4,2,9400.15983582
B2_SLICE_EVENT_OVERLAP,34,3,4,3,9583.07170868
B2_SLICE_EVENT_OVERLAP,35,3,4,0,214.527994394
B2_SLICE_EVENT_OVERLAP,35,3,4,1,415.392011404
B2_SLICE_EVENT_OVERLAP,35,3,4,2,9289.66426849
B2_SLICE_EVENT_OVERLAP,35,3,4,3,9470.01552582
B2_SLICE_EVENT_OVERLAP,36,3,4,0,276.704013348
B2_SLICE_EVENT_OVERLAP,36,3,4,1,493.952006102
B2_SLICE_EVENT_OVERLAP,36,3,4,2,9355.83972931
B2_SLICE_EVENT_OVERLAP,36,3,4,3,9530.55953979
B2_SLICE_EVENT_OVERLAP,37,3,4,0,378.271996975
B2_SLICE_EVENT_OVERLAP,37,3,4,1,564.927995205
B2_SLICE_EVENT_OVERLAP,37,3,4,2,9454.14352417
B2_SLICE_EVENT_OVERLAP,37,3,4,3,9638.43154907
B2_SLICE_EVENT_OVERLAP,38,3,4,0,611.487984657
B2_SLICE_EVENT_OVERLAP,38,3,4,1,786.943972111
B2_SLICE_EVENT_OVERLAP,38,3,4,2,9679.61597443
B2_SLICE_EVENT_OVERLAP,38,3,4,3,9869.85588074
B2_SLICE_EVENT_OVERLAP,39,3,4,0,234.464004636
B2_SLICE_EVENT_OVERLAP,39,3,4,1,420.704007149
B2_SLICE_EVENT_OVERLAP,39,3,4,2,9304.5759201
B2_SLICE_EVENT_OVERLAP,39,3,4,3,9497.47180939
B2_SLICE_EVENT_OVERLAP,40,3,4,0,260.159999132
B2_SLICE_EVENT_OVERLAP,40,3,4,1,437.824010849
B2_SLICE_EVENT_OVERLAP,40,3,4,2,9326.65634155
B2_SLICE_EVENT_OVERLAP,40,3,4,3,9517.95196533
B2_SLICE_EVENT_OVERLAP,41,3,4,0,207.328006625
B2_SLICE_EVENT_OVERLAP,41,3,4,1,395.87199688
B2_SLICE_EVENT_OVERLAP,41,3,4,2,9281.08787537
B2_SLICE_EVENT_OVERLAP,41,3,4,3,9466.30382538
B2_SLICE_EVENT_OVERLAP,42,3,4,0,374.559998512
B2_SLICE_EVENT_OVERLAP,42,3,4,1,552.160024643
B2_SLICE_EVENT_OVERLAP,42,3,4,2,9443.2964325
B2_SLICE_EVENT_OVERLAP,42,3,4,3,9628.51238251
B2_SLICE_EVENT_OVERLAP,43,3,4,0,215.808004141
B2_SLICE_EVENT_OVERLAP,43,3,4,1,400.70399642
B2_SLICE_EVENT_OVERLAP,43,3,4,2,9292.86384583
B2_SLICE_EVENT_OVERLAP,43,3,4,3,9481.98413849
B2_SLICE_EVENT_OVERLAP,44,3,4,0,208.86400342
B2_SLICE_EVENT_OVERLAP,44,3,4,1,408.383995295
B2_SLICE_EVENT_OVERLAP,44,3,4,2,9281.85558319
B2_SLICE_EVENT_OVERLAP,44,3,4,3,9462.68844604
B2_SLICE_EVENT_OVERLAP,45,3,4,0,209.248006344
B2_SLICE_EVENT_OVERLAP,45,3,4,1,387.136012316
B2_SLICE_EVENT_OVERLAP,45,3,4,2,9277.98366547
B2_SLICE_EVENT_OVERLAP,45,3,4,3,9468.38378906
B2_SLICE_EVENT_OVERLAP,46,3,4,0,291.296005249
B2_SLICE_EVENT_OVERLAP,46,3,4,1,496.895998716
B2_SLICE_EVENT_OVERLAP,46,3,4,2,9367.45643616
B2_SLICE_EVENT_OVERLAP,46,3,4,3,9543.68019104
B2_SLICE_EVENT_OVERLAP,47,3,4,0,313.951998949
B2_SLICE_EVENT_OVERLAP,47,3,4,1,515.456020832
B2_SLICE_EVENT_OVERLAP,47,3,4,2,9393.53561401
B2_SLICE_EVENT_OVERLAP,47,3,4,3,9576.19190216
B2_SLICE_EVENT_OVERLAP,48,3,4,0,213.535994291
B2_SLICE_EVENT_OVERLAP,48,3,4,1,400.095999241
B2_SLICE_EVENT_OVERLAP,48,3,4,2,9281.76021576
B2_SLICE_EVENT_OVERLAP,48,3,4,3,9467.16785431
B2_SLICE_EVENT_OVERLAP,49,3,4,0,231.968000531
B2_SLICE_EVENT_OVERLAP,49,3,4,1,439.552009106
B2_SLICE_EVENT_OVERLAP,49,3,4,2,9311.16771698
B2_SLICE_EVENT_OVERLAP,49,3,4,3,9488.41571808
