run_id,rank,rank_count,device,gfx_arch,path,family,candidate,M,N,K,q,slice_index,slice_bytes,iteration_index,t_issue_us,t_release_us,t_gemm_start_us,t_gemm_end_us,t_gemm_duration_us,correctness,status
PHASEB_formal_fc_C0_DEFAULT_N512_q2_rep1,0,4,0,sm_89,FC_FCOLLECT_ONLY,NVSHMEM,C0_DEFAULT,2048,512,2048,2,0,8388608,0,0,446.816,0.000,0.000,0.000,PASS,0
PHASEB_formal_fc_C0_DEFAULT_N512_q2_rep1,0,4,0,sm_89,FC_FCOLLECT_ONLY,NVSHMEM,C0_DEFAULT,2048,512,2048,2,1,8388608,0,0,0.000,0.000,0.000,0.000,PASS,0
PHASEB_formal_fc_C0_DEFAULT_N512_q2_rep1,0,4,0,sm_89,FC_FCOLLECT_ONLY,NVSHMEM,C0_DEFAULT,2048,512,2048,2,0,8388608,1,0,444.128,0.000,0.000,0.000,PASS,0
PHASEB_formal_fc_C0_DEFAULT_N512_q2_rep1,0,4,0,sm_89,FC_FCOLLECT_ONLY,NVSHMEM,C0_DEFAULT,2048,512,2048,2,1,8388608,1,0,0.000,0.000,0.000,0.000,PASS,0
PHASEB_formal_fc_C0_DEFAULT_N512_q2_rep1,0,4,0,sm_89,FC_FCOLLECT_ONLY,NVSHMEM,C0_DEFAULT,2048,512,2048,2,0,8388608,2,0,449.824,0.000,0.000,0.000,PASS,0
PHASEB_formal_fc_C0_DEFAULT_N512_q2_rep1,0,4,0,sm_89,FC_FCOLLECT_ONLY,NVSHMEM,C0_DEFAULT,2048,512,2048,2,1,8388608,2,0,0.000,0.000,0.000,0.000,PASS,0
PHASEB_formal_fc_C0_DEFAULT_N512_q2_rep1,0,4,0,sm_89,FC_FCOLLECT_ONLY,NVSHMEM,C0_DEFAULT,2048,512,2048,2,0,8388608,3,0,461.344,0.000,0.000,0.000,PASS,0
PHASEB_formal_fc_C0_DEFAULT_N512_q2_rep1,0,4,0,sm_89,FC_FCOLLECT_ONLY,NVSHMEM,C0_DEFAULT,2048,512,2048,2,1,8388608,3,0,0.000,0.000,0.000,0.000,PASS,0
PHASEB_formal_fc_C0_DEFAULT_N512_q2_rep1,0,4,0,sm_89,FC_FCOLLECT_ONLY,NVSHMEM,C0_DEFAULT,2048,512,2048,2,0,8388608,4,0,459.392,0.000,0.000,0.000,PASS,0
PHASEB_formal_fc_C0_DEFAULT_N512_q2_rep1,0,4,0,sm_89,FC_FCOLLECT_ONLY,NVSHMEM,C0_DEFAULT,2048,512,2048,2,1,8388608,4,0,0.000,0.000,0.000,0.000,PASS,0
PHASEB_formal_fc_C0_DEFAULT_N512_q2_rep1,0,4,0,sm_89,FC_FCOLLECT_ONLY,NVSHMEM,C0_DEFAULT,2048,512,2048,2,0,8388608,5,0,452.128,0.000,0.000,0.000,PASS,0
PHASEB_formal_fc_C0_DEFAULT_N512_q2_rep1,0,4,0,sm_89,FC_FCOLLECT_ONLY,NVSHMEM,C0_DEFAULT,2048,512,2048,2,1,8388608,5,0,0.000,0.000,0.000,0.000,PASS,0
PHASEB_formal_fc_C0_DEFAULT_N512_q2_rep1,0,4,0,sm_89,FC_FCOLLECT_ONLY,NVSHMEM,C0_DEFAULT,2048,512,2048,2,0,8388608,6,0,439.296,0.000,0.000,0.000,PASS,0
PHASEB_formal_fc_C0_DEFAULT_N512_q2_rep1,0,4,0,sm_89,FC_FCOLLECT_ONLY,NVSHMEM,C0_DEFAULT,2048,512,2048,2,1,8388608,6,0,0.000,0.000,0.000,0.000,PASS,0
PHASEB_formal_fc_C0_DEFAULT_N512_q2_rep1,0,4,0,sm_89,FC_FCOLLECT_ONLY,NVSHMEM,C0_DEFAULT,2048,512,2048,2,0,8388608,7,0,448.288,0.000,0.000,0.000,PASS,0
PHASEB_formal_fc_C0_DEFAULT_N512_q2_rep1,0,4,0,sm_89,FC_FCOLLECT_ONLY,NVSHMEM,C0_DEFAULT,2048,512,2048,2,1,8388608,7,0,0.000,0.000,0.000,0.000,PASS,0
PHASEB_formal_fc_C0_DEFAULT_N512_q2_rep1,0,4,0,sm_89,FC_FCOLLECT_ONLY,NVSHMEM,C0_DEFAULT,2048,512,2048,2,0,8388608,8,0,444.192,0.000,0.000,0.000,PASS,0
PHASEB_formal_fc_C0_DEFAULT_N512_q2_rep1,0,4,0,sm_89,FC_FCOLLECT_ONLY,NVSHMEM,C0_DEFAULT,2048,512,2048,2,1,8388608,8,0,0.000,0.000,0.000,0.000,PASS,0
PHASEB_formal_fc_C0_DEFAULT_N512_q2_rep1,0,4,0,sm_89,FC_FCOLLECT_ONLY,NVSHMEM,C0_DEFAULT,2048,512,2048,2,0,8388608,9,0,442.912,0.000,0.000,0.000,PASS,0
PHASEB_formal_fc_C0_DEFAULT_N512_q2_rep1,0,4,0,sm_89,FC_FCOLLECT_ONLY,NVSHMEM,C0_DEFAULT,2048,512,2048,2,1,8388608,9,0,0.000,0.000,0.000,0.000,PASS,0
PHASEB_formal_fc_C0_DEFAULT_N512_q2_rep1,0,4,0,sm_89,FC_FCOLLECT_ONLY,NVSHMEM,C0_DEFAULT,2048,512,2048,2,0,8388608,10,0,444.256,0.000,0.000,0.000,PASS,0
PHASEB_formal_fc_C0_DEFAULT_N512_q2_rep1,0,4,0,sm_89,FC_FCOLLECT_ONLY,NVSHMEM,C0_DEFAULT,2048,512,2048,2,1,8388608,10,0,0.000,0.000,0.000,0.000,PASS,0
PHASEB_formal_fc_C0_DEFAULT_N512_q2_rep1,0,4,0,sm_89,FC_FCOLLECT_ONLY,NVSHMEM,C0_DEFAULT,2048,512,2048,2,0,8388608,11,0,446.464,0.000,0.000,0.000,PASS,0
PHASEB_formal_fc_C0_DEFAULT_N512_q2_rep1,0,4,0,sm_89,FC_FCOLLECT_ONLY,NVSHMEM,C0_DEFAULT,2048,512,2048,2,1,8388608,11,0,0.000,0.000,0.000,0.000,PASS,0
PHASEB_formal_fc_C0_DEFAULT_N512_q2_rep1,0,4,0,sm_89,FC_FCOLLECT_ONLY,NVSHMEM,C0_DEFAULT,2048,512,2048,2,0,8388608,12,0,441.600,0.000,0.000,0.000,PASS,0
PHASEB_formal_fc_C0_DEFAULT_N512_q2_rep1,0,4,0,sm_89,FC_FCOLLECT_ONLY,NVSHMEM,C0_DEFAULT,2048,512,2048,2,1,8388608,12,0,0.000,0.000,0.000,0.000,PASS,0
PHASEB_formal_fc_C0_DEFAULT_N512_q2_rep1,0,4,0,sm_89,FC_FCOLLECT_ONLY,NVSHMEM,C0_DEFAULT,2048,512,2048,2,0,8388608,13,0,446.432,0.000,0.000,0.000,PASS,0
PHASEB_formal_fc_C0_DEFAULT_N512_q2_rep1,0,4,0,sm_89,FC_FCOLLECT_ONLY,NVSHMEM,C0_DEFAULT,2048,512,2048,2,1,8388608,13,0,0.000,0.000,0.000,0.000,PASS,0
PHASEB_formal_fc_C0_DEFAULT_N512_q2_rep1,0,4,0,sm_89,FC_FCOLLECT_ONLY,NVSHMEM,C0_DEFAULT,2048,512,2048,2,0,8388608,14,0,443.328,0.000,0.000,0.000,PASS,0
PHASEB_formal_fc_C0_DEFAULT_N512_q2_rep1,0,4,0,sm_89,FC_FCOLLECT_ONLY,NVSHMEM,C0_DEFAULT,2048,512,2048,2,1,8388608,14,0,0.000,0.000,0.000,0.000,PASS,0
PHASEB_formal_fc_C0_DEFAULT_N512_q2_rep1,0,4,0,sm_89,FC_FCOLLECT_ONLY,NVSHMEM,C0_DEFAULT,2048,512,2048,2,0,8388608,15,0,441.952,0.000,0.000,0.000,PASS,0
PHASEB_formal_fc_C0_DEFAULT_N512_q2_rep1,0,4,0,sm_89,FC_FCOLLECT_ONLY,NVSHMEM,C0_DEFAULT,2048,512,2048,2,1,8388608,15,0,0.000,0.000,0.000,0.000,PASS,0
PHASEB_formal_fc_C0_DEFAULT_N512_q2_rep1,0,4,0,sm_89,FC_FCOLLECT_ONLY,NVSHMEM,C0_DEFAULT,2048,512,2048,2,0,8388608,16,0,453.664,0.000,0.000,0.000,PASS,0
PHASEB_formal_fc_C0_DEFAULT_N512_q2_rep1,0,4,0,sm_89,FC_FCOLLECT_ONLY,NVSHMEM,C0_DEFAULT,2048,512,2048,2,1,8388608,16,0,0.000,0.000,0.000,0.000,PASS,0
PHASEB_formal_fc_C0_DEFAULT_N512_q2_rep1,0,4,0,sm_89,FC_FCOLLECT_ONLY,NVSHMEM,C0_DEFAULT,2048,512,2048,2,0,8388608,17,0,443.168,0.000,0.000,0.000,PASS,0
PHASEB_formal_fc_C0_DEFAULT_N512_q2_rep1,0,4,0,sm_89,FC_FCOLLECT_ONLY,NVSHMEM,C0_DEFAULT,2048,512,2048,2,1,8388608,17,0,0.000,0.000,0.000,0.000,PASS,0
PHASEB_formal_fc_C0_DEFAULT_N512_q2_rep1,0,4,0,sm_89,FC_FCOLLECT_ONLY,NVSHMEM,C0_DEFAULT,2048,512,2048,2,0,8388608,18,0,444.992,0.000,0.000,0.000,PASS,0
PHASEB_formal_fc_C0_DEFAULT_N512_q2_rep1,0,4,0,sm_89,FC_FCOLLECT_ONLY,NVSHMEM,C0_DEFAULT,2048,512,2048,2,1,8388608,18,0,0.000,0.000,0.000,0.000,PASS,0
PHASEB_formal_fc_C0_DEFAULT_N512_q2_rep1,0,4,0,sm_89,FC_FCOLLECT_ONLY,NVSHMEM,C0_DEFAULT,2048,512,2048,2,0,8388608,19,0,440.160,0.000,0.000,0.000,PASS,0
PHASEB_formal_fc_C0_DEFAULT_N512_q2_rep1,0,4,0,sm_89,FC_FCOLLECT_ONLY,NVSHMEM,C0_DEFAULT,2048,512,2048,2,1,8388608,19,0,0.000,0.000,0.000,0.000,PASS,0
PHASEB_formal_fc_C0_DEFAULT_N512_q2_rep1,0,4,0,sm_89,FC_FCOLLECT_ONLY,NVSHMEM,C0_DEFAULT,2048,512,2048,2,0,8388608,20,0,438.624,0.000,0.000,0.000,PASS,0
PHASEB_formal_fc_C0_DEFAULT_N512_q2_rep1,0,4,0,sm_89,FC_FCOLLECT_ONLY,NVSHMEM,C0_DEFAULT,2048,512,2048,2,1,8388608,20,0,0.000,0.000,0.000,0.000,PASS,0
PHASEB_formal_fc_C0_DEFAULT_N512_q2_rep1,0,4,0,sm_89,FC_FCOLLECT_ONLY,NVSHMEM,C0_DEFAULT,2048,512,2048,2,0,8388608,21,0,444.448,0.000,0.000,0.000,PASS,0
PHASEB_formal_fc_C0_DEFAULT_N512_q2_rep1,0,4,0,sm_89,FC_FCOLLECT_ONLY,NVSHMEM,C0_DEFAULT,2048,512,2048,2,1,8388608,21,0,0.000,0.000,0.000,0.000,PASS,0
PHASEB_formal_fc_C0_DEFAULT_N512_q2_rep1,0,4,0,sm_89,FC_FCOLLECT_ONLY,NVSHMEM,C0_DEFAULT,2048,512,2048,2,0,8388608,22,0,441.664,0.000,0.000,0.000,PASS,0
PHASEB_formal_fc_C0_DEFAULT_N512_q2_rep1,0,4,0,sm_89,FC_FCOLLECT_ONLY,NVSHMEM,C0_DEFAULT,2048,512,2048,2,1,8388608,22,0,0.000,0.000,0.000,0.000,PASS,0
PHASEB_formal_fc_C0_DEFAULT_N512_q2_rep1,0,4,0,sm_89,FC_FCOLLECT_ONLY,NVSHMEM,C0_DEFAULT,2048,512,2048,2,0,8388608,23,0,439.392,0.000,0.000,0.000,PASS,0
PHASEB_formal_fc_C0_DEFAULT_N512_q2_rep1,0,4,0,sm_89,FC_FCOLLECT_ONLY,NVSHMEM,C0_DEFAULT,2048,512,2048,2,1,8388608,23,0,0.000,0.000,0.000,0.000,PASS,0
PHASEB_formal_fc_C0_DEFAULT_N512_q2_rep1,0,4,0,sm_89,FC_FCOLLECT_ONLY,NVSHMEM,C0_DEFAULT,2048,512,2048,2,0,8388608,24,0,443.328,0.000,0.000,0.000,PASS,0
PHASEB_formal_fc_C0_DEFAULT_N512_q2_rep1,0,4,0,sm_89,FC_FCOLLECT_ONLY,NVSHMEM,C0_DEFAULT,2048,512,2048,2,1,8388608,24,0,0.000,0.000,0.000,0.000,PASS,0
PHASEB_formal_fc_C0_DEFAULT_N512_q2_rep1,0,4,0,sm_89,FC_FCOLLECT_ONLY,NVSHMEM,C0_DEFAULT,2048,512,2048,2,0,8388608,25,0,441.312,0.000,0.000,0.000,PASS,0
PHASEB_formal_fc_C0_DEFAULT_N512_q2_rep1,0,4,0,sm_89,FC_FCOLLECT_ONLY,NVSHMEM,C0_DEFAULT,2048,512,2048,2,1,8388608,25,0,0.000,0.000,0.000,0.000,PASS,0
PHASEB_formal_fc_C0_DEFAULT_N512_q2_rep1,0,4,0,sm_89,FC_FCOLLECT_ONLY,NVSHMEM,C0_DEFAULT,2048,512,2048,2,0,8388608,26,0,442.400,0.000,0.000,0.000,PASS,0
PHASEB_formal_fc_C0_DEFAULT_N512_q2_rep1,0,4,0,sm_89,FC_FCOLLECT_ONLY,NVSHMEM,C0_DEFAULT,2048,512,2048,2,1,8388608,26,0,0.000,0.000,0.000,0.000,PASS,0
PHASEB_formal_fc_C0_DEFAULT_N512_q2_rep1,0,4,0,sm_89,FC_FCOLLECT_ONLY,NVSHMEM,C0_DEFAULT,2048,512,2048,2,0,8388608,27,0,447.008,0.000,0.000,0.000,PASS,0
PHASEB_formal_fc_C0_DEFAULT_N512_q2_rep1,0,4,0,sm_89,FC_FCOLLECT_ONLY,NVSHMEM,C0_DEFAULT,2048,512,2048,2,1,8388608,27,0,0.000,0.000,0.000,0.000,PASS,0
PHASEB_formal_fc_C0_DEFAULT_N512_q2_rep1,0,4,0,sm_89,FC_FCOLLECT_ONLY,NVSHMEM,C0_DEFAULT,2048,512,2048,2,0,8388608,28,0,437.952,0.000,0.000,0.000,PASS,0
PHASEB_formal_fc_C0_DEFAULT_N512_q2_rep1,0,4,0,sm_89,FC_FCOLLECT_ONLY,NVSHMEM,C0_DEFAULT,2048,512,2048,2,1,8388608,28,0,0.000,0.000,0.000,0.000,PASS,0
PHASEB_formal_fc_C0_DEFAULT_N512_q2_rep1,0,4,0,sm_89,FC_FCOLLECT_ONLY,NVSHMEM,C0_DEFAULT,2048,512,2048,2,0,8388608,29,0,447.456,0.000,0.000,0.000,PASS,0
PHASEB_formal_fc_C0_DEFAULT_N512_q2_rep1,0,4,0,sm_89,FC_FCOLLECT_ONLY,NVSHMEM,C0_DEFAULT,2048,512,2048,2,1,8388608,29,0,0.000,0.000,0.000,0.000,PASS,0
PHASEB_formal_fc_C0_DEFAULT_N512_q2_rep1,0,4,0,sm_89,FC_FCOLLECT_ONLY,NVSHMEM,C0_DEFAULT,2048,512,2048,2,0,8388608,30,0,444.448,0.000,0.000,0.000,PASS,0
PHASEB_formal_fc_C0_DEFAULT_N512_q2_rep1,0,4,0,sm_89,FC_FCOLLECT_ONLY,NVSHMEM,C0_DEFAULT,2048,512,2048,2,1,8388608,30,0,0.000,0.000,0.000,0.000,PASS,0
PHASEB_formal_fc_C0_DEFAULT_N512_q2_rep1,0,4,0,sm_89,FC_FCOLLECT_ONLY,NVSHMEM,C0_DEFAULT,2048,512,2048,2,0,8388608,31,0,439.712,0.000,0.000,0.000,PASS,0
PHASEB_formal_fc_C0_DEFAULT_N512_q2_rep1,0,4,0,sm_89,FC_FCOLLECT_ONLY,NVSHMEM,C0_DEFAULT,2048,512,2048,2,1,8388608,31,0,0.000,0.000,0.000,0.000,PASS,0
PHASEB_formal_fc_C0_DEFAULT_N512_q2_rep1,0,4,0,sm_89,FC_FCOLLECT_ONLY,NVSHMEM,C0_DEFAULT,2048,512,2048,2,0,8388608,32,0,444.736,0.000,0.000,0.000,PASS,0
PHASEB_formal_fc_C0_DEFAULT_N512_q2_rep1,0,4,0,sm_89,FC_FCOLLECT_ONLY,NVSHMEM,C0_DEFAULT,2048,512,2048,2,1,8388608,32,0,0.000,0.000,0.000,0.000,PASS,0
PHASEB_formal_fc_C0_DEFAULT_N512_q2_rep1,0,4,0,sm_89,FC_FCOLLECT_ONLY,NVSHMEM,C0_DEFAULT,2048,512,2048,2,0,8388608,33,0,441.632,0.000,0.000,0.000,PASS,0
PHASEB_formal_fc_C0_DEFAULT_N512_q2_rep1,0,4,0,sm_89,FC_FCOLLECT_ONLY,NVSHMEM,C0_DEFAULT,2048,512,2048,2,1,8388608,33,0,0.000,0.000,0.000,0.000,PASS,0
PHASEB_formal_fc_C0_DEFAULT_N512_q2_rep1,0,4,0,sm_89,FC_FCOLLECT_ONLY,NVSHMEM,C0_DEFAULT,2048,512,2048,2,0,8388608,34,0,441.568,0.000,0.000,0.000,PASS,0
PHASEB_formal_fc_C0_DEFAULT_N512_q2_rep1,0,4,0,sm_89,FC_FCOLLECT_ONLY,NVSHMEM,C0_DEFAULT,2048,512,2048,2,1,8388608,34,0,0.000,0.000,0.000,0.000,PASS,0
PHASEB_formal_fc_C0_DEFAULT_N512_q2_rep1,0,4,0,sm_89,FC_FCOLLECT_ONLY,NVSHMEM,C0_DEFAULT,2048,512,2048,2,0,8388608,35,0,442.592,0.000,0.000,0.000,PASS,0
PHASEB_formal_fc_C0_DEFAULT_N512_q2_rep1,0,4,0,sm_89,FC_FCOLLECT_ONLY,NVSHMEM,C0_DEFAULT,2048,512,2048,2,1,8388608,35,0,0.000,0.000,0.000,0.000,PASS,0
PHASEB_formal_fc_C0_DEFAULT_N512_q2_rep1,0,4,0,sm_89,FC_FCOLLECT_ONLY,NVSHMEM,C0_DEFAULT,2048,512,2048,2,0,8388608,36,0,444.768,0.000,0.000,0.000,PASS,0
PHASEB_formal_fc_C0_DEFAULT_N512_q2_rep1,0,4,0,sm_89,FC_FCOLLECT_ONLY,NVSHMEM,C0_DEFAULT,2048,512,2048,2,1,8388608,36,0,0.000,0.000,0.000,0.000,PASS,0
PHASEB_formal_fc_C0_DEFAULT_N512_q2_rep1,0,4,0,sm_89,FC_FCOLLECT_ONLY,NVSHMEM,C0_DEFAULT,2048,512,2048,2,0,8388608,37,0,443.360,0.000,0.000,0.000,PASS,0
PHASEB_formal_fc_C0_DEFAULT_N512_q2_rep1,0,4,0,sm_89,FC_FCOLLECT_ONLY,NVSHMEM,C0_DEFAULT,2048,512,2048,2,1,8388608,37,0,0.000,0.000,0.000,0.000,PASS,0
PHASEB_formal_fc_C0_DEFAULT_N512_q2_rep1,0,4,0,sm_89,FC_FCOLLECT_ONLY,NVSHMEM,C0_DEFAULT,2048,512,2048,2,0,8388608,38,0,441.568,0.000,0.000,0.000,PASS,0
PHASEB_formal_fc_C0_DEFAULT_N512_q2_rep1,0,4,0,sm_89,FC_FCOLLECT_ONLY,NVSHMEM,C0_DEFAULT,2048,512,2048,2,1,8388608,38,0,0.000,0.000,0.000,0.000,PASS,0
PHASEB_formal_fc_C0_DEFAULT_N512_q2_rep1,0,4,0,sm_89,FC_FCOLLECT_ONLY,NVSHMEM,C0_DEFAULT,2048,512,2048,2,0,8388608,39,0,446.944,0.000,0.000,0.000,PASS,0
PHASEB_formal_fc_C0_DEFAULT_N512_q2_rep1,0,4,0,sm_89,FC_FCOLLECT_ONLY,NVSHMEM,C0_DEFAULT,2048,512,2048,2,1,8388608,39,0,0.000,0.000,0.000,0.000,PASS,0
PHASEB_formal_fc_C0_DEFAULT_N512_q2_rep1,0,4,0,sm_89,FC_FCOLLECT_ONLY,NVSHMEM,C0_DEFAULT,2048,512,2048,2,0,8388608,40,0,441.344,0.000,0.000,0.000,PASS,0
PHASEB_formal_fc_C0_DEFAULT_N512_q2_rep1,0,4,0,sm_89,FC_FCOLLECT_ONLY,NVSHMEM,C0_DEFAULT,2048,512,2048,2,1,8388608,40,0,0.000,0.000,0.000,0.000,PASS,0
PHASEB_formal_fc_C0_DEFAULT_N512_q2_rep1,0,4,0,sm_89,FC_FCOLLECT_ONLY,NVSHMEM,C0_DEFAULT,2048,512,2048,2,0,8388608,41,0,443.712,0.000,0.000,0.000,PASS,0
PHASEB_formal_fc_C0_DEFAULT_N512_q2_rep1,0,4,0,sm_89,FC_FCOLLECT_ONLY,NVSHMEM,C0_DEFAULT,2048,512,2048,2,1,8388608,41,0,0.000,0.000,0.000,0.000,PASS,0
PHASEB_formal_fc_C0_DEFAULT_N512_q2_rep1,0,4,0,sm_89,FC_FCOLLECT_ONLY,NVSHMEM,C0_DEFAULT,2048,512,2048,2,0,8388608,42,0,444.000,0.000,0.000,0.000,PASS,0
PHASEB_formal_fc_C0_DEFAULT_N512_q2_rep1,0,4,0,sm_89,FC_FCOLLECT_ONLY,NVSHMEM,C0_DEFAULT,2048,512,2048,2,1,8388608,42,0,0.000,0.000,0.000,0.000,PASS,0
PHASEB_formal_fc_C0_DEFAULT_N512_q2_rep1,0,4,0,sm_89,FC_FCOLLECT_ONLY,NVSHMEM,C0_DEFAULT,2048,512,2048,2,0,8388608,43,0,440.224,0.000,0.000,0.000,PASS,0
PHASEB_formal_fc_C0_DEFAULT_N512_q2_rep1,0,4,0,sm_89,FC_FCOLLECT_ONLY,NVSHMEM,C0_DEFAULT,2048,512,2048,2,1,8388608,43,0,0.000,0.000,0.000,0.000,PASS,0
PHASEB_formal_fc_C0_DEFAULT_N512_q2_rep1,0,4,0,sm_89,FC_FCOLLECT_ONLY,NVSHMEM,C0_DEFAULT,2048,512,2048,2,0,8388608,44,0,440.288,0.000,0.000,0.000,PASS,0
PHASEB_formal_fc_C0_DEFAULT_N512_q2_rep1,0,4,0,sm_89,FC_FCOLLECT_ONLY,NVSHMEM,C0_DEFAULT,2048,512,2048,2,1,8388608,44,0,0.000,0.000,0.000,0.000,PASS,0
PHASEB_formal_fc_C0_DEFAULT_N512_q2_rep1,0,4,0,sm_89,FC_FCOLLECT_ONLY,NVSHMEM,C0_DEFAULT,2048,512,2048,2,0,8388608,45,0,441.536,0.000,0.000,0.000,PASS,0
PHASEB_formal_fc_C0_DEFAULT_N512_q2_rep1,0,4,0,sm_89,FC_FCOLLECT_ONLY,NVSHMEM,C0_DEFAULT,2048,512,2048,2,1,8388608,45,0,0.000,0.000,0.000,0.000,PASS,0
PHASEB_formal_fc_C0_DEFAULT_N512_q2_rep1,0,4,0,sm_89,FC_FCOLLECT_ONLY,NVSHMEM,C0_DEFAULT,2048,512,2048,2,0,8388608,46,0,439.872,0.000,0.000,0.000,PASS,0
PHASEB_formal_fc_C0_DEFAULT_N512_q2_rep1,0,4,0,sm_89,FC_FCOLLECT_ONLY,NVSHMEM,C0_DEFAULT,2048,512,2048,2,1,8388608,46,0,0.000,0.000,0.000,0.000,PASS,0
PHASEB_formal_fc_C0_DEFAULT_N512_q2_rep1,0,4,0,sm_89,FC_FCOLLECT_ONLY,NVSHMEM,C0_DEFAULT,2048,512,2048,2,0,8388608,47,0,444.352,0.000,0.000,0.000,PASS,0
PHASEB_formal_fc_C0_DEFAULT_N512_q2_rep1,0,4,0,sm_89,FC_FCOLLECT_ONLY,NVSHMEM,C0_DEFAULT,2048,512,2048,2,1,8388608,47,0,0.000,0.000,0.000,0.000,PASS,0
PHASEB_formal_fc_C0_DEFAULT_N512_q2_rep1,0,4,0,sm_89,FC_FCOLLECT_ONLY,NVSHMEM,C0_DEFAULT,2048,512,2048,2,0,8388608,48,0,443.584,0.000,0.000,0.000,PASS,0
PHASEB_formal_fc_C0_DEFAULT_N512_q2_rep1,0,4,0,sm_89,FC_FCOLLECT_ONLY,NVSHMEM,C0_DEFAULT,2048,512,2048,2,1,8388608,48,0,0.000,0.000,0.000,0.000,PASS,0
PHASEB_formal_fc_C0_DEFAULT_N512_q2_rep1,0,4,0,sm_89,FC_FCOLLECT_ONLY,NVSHMEM,C0_DEFAULT,2048,512,2048,2,0,8388608,49,0,438.240,0.000,0.000,0.000,PASS,0
PHASEB_formal_fc_C0_DEFAULT_N512_q2_rep1,0,4,0,sm_89,FC_FCOLLECT_ONLY,NVSHMEM,C0_DEFAULT,2048,512,2048,2,1,8388608,49,0,0.000,0.000,0.000,0.000,PASS,0
PHASEB_formal_fc_C0_DEFAULT_N512_q2_rep1,0,4,0,sm_89,FC_FCOLLECT_ONLY,NVSHMEM,C0_DEFAULT,2048,512,2048,2,0,8388608,50,0,442.784,0.000,0.000,0.000,PASS,0
PHASEB_formal_fc_C0_DEFAULT_N512_q2_rep1,0,4,0,sm_89,FC_FCOLLECT_ONLY,NVSHMEM,C0_DEFAULT,2048,512,2048,2,1,8388608,50,0,0.000,0.000,0.000,0.000,PASS,0
PHASEB_formal_fc_C0_DEFAULT_N512_q2_rep1,0,4,0,sm_89,FC_FCOLLECT_ONLY,NVSHMEM,C0_DEFAULT,2048,512,2048,2,0,8388608,51,0,445.600,0.000,0.000,0.000,PASS,0
PHASEB_formal_fc_C0_DEFAULT_N512_q2_rep1,0,4,0,sm_89,FC_FCOLLECT_ONLY,NVSHMEM,C0_DEFAULT,2048,512,2048,2,1,8388608,51,0,0.000,0.000,0.000,0.000,PASS,0
PHASEB_formal_fc_C0_DEFAULT_N512_q2_rep1,0,4,0,sm_89,FC_FCOLLECT_ONLY,NVSHMEM,C0_DEFAULT,2048,512,2048,2,0,8388608,52,0,440.128,0.000,0.000,0.000,PASS,0
PHASEB_formal_fc_C0_DEFAULT_N512_q2_rep1,0,4,0,sm_89,FC_FCOLLECT_ONLY,NVSHMEM,C0_DEFAULT,2048,512,2048,2,1,8388608,52,0,0.000,0.000,0.000,0.000,PASS,0
PHASEB_formal_fc_C0_DEFAULT_N512_q2_rep1,0,4,0,sm_89,FC_FCOLLECT_ONLY,NVSHMEM,C0_DEFAULT,2048,512,2048,2,0,8388608,53,0,441.472,0.000,0.000,0.000,PASS,0
PHASEB_formal_fc_C0_DEFAULT_N512_q2_rep1,0,4,0,sm_89,FC_FCOLLECT_ONLY,NVSHMEM,C0_DEFAULT,2048,512,2048,2,1,8388608,53,0,0.000,0.000,0.000,0.000,PASS,0
PHASEB_formal_fc_C0_DEFAULT_N512_q2_rep1,0,4,0,sm_89,FC_FCOLLECT_ONLY,NVSHMEM,C0_DEFAULT,2048,512,2048,2,0,8388608,54,0,444.736,0.000,0.000,0.000,PASS,0
PHASEB_formal_fc_C0_DEFAULT_N512_q2_rep1,0,4,0,sm_89,FC_FCOLLECT_ONLY,NVSHMEM,C0_DEFAULT,2048,512,2048,2,1,8388608,54,0,0.000,0.000,0.000,0.000,PASS,0
PHASEB_formal_fc_C0_DEFAULT_N512_q2_rep1,0,4,0,sm_89,FC_FCOLLECT_ONLY,NVSHMEM,C0_DEFAULT,2048,512,2048,2,0,8388608,55,0,441.856,0.000,0.000,0.000,PASS,0
PHASEB_formal_fc_C0_DEFAULT_N512_q2_rep1,0,4,0,sm_89,FC_FCOLLECT_ONLY,NVSHMEM,C0_DEFAULT,2048,512,2048,2,1,8388608,55,0,0.000,0.000,0.000,0.000,PASS,0
PHASEB_formal_fc_C0_DEFAULT_N512_q2_rep1,0,4,0,sm_89,FC_FCOLLECT_ONLY,NVSHMEM,C0_DEFAULT,2048,512,2048,2,0,8388608,56,0,445.280,0.000,0.000,0.000,PASS,0
PHASEB_formal_fc_C0_DEFAULT_N512_q2_rep1,0,4,0,sm_89,FC_FCOLLECT_ONLY,NVSHMEM,C0_DEFAULT,2048,512,2048,2,1,8388608,56,0,0.000,0.000,0.000,0.000,PASS,0
PHASEB_formal_fc_C0_DEFAULT_N512_q2_rep1,0,4,0,sm_89,FC_FCOLLECT_ONLY,NVSHMEM,C0_DEFAULT,2048,512,2048,2,0,8388608,57,0,437.600,0.000,0.000,0.000,PASS,0
PHASEB_formal_fc_C0_DEFAULT_N512_q2_rep1,0,4,0,sm_89,FC_FCOLLECT_ONLY,NVSHMEM,C0_DEFAULT,2048,512,2048,2,1,8388608,57,0,0.000,0.000,0.000,0.000,PASS,0
PHASEB_formal_fc_C0_DEFAULT_N512_q2_rep1,0,4,0,sm_89,FC_FCOLLECT_ONLY,NVSHMEM,C0_DEFAULT,2048,512,2048,2,0,8388608,58,0,440.864,0.000,0.000,0.000,PASS,0
PHASEB_formal_fc_C0_DEFAULT_N512_q2_rep1,0,4,0,sm_89,FC_FCOLLECT_ONLY,NVSHMEM,C0_DEFAULT,2048,512,2048,2,1,8388608,58,0,0.000,0.000,0.000,0.000,PASS,0
PHASEB_formal_fc_C0_DEFAULT_N512_q2_rep1,0,4,0,sm_89,FC_FCOLLECT_ONLY,NVSHMEM,C0_DEFAULT,2048,512,2048,2,0,8388608,59,0,443.200,0.000,0.000,0.000,PASS,0
PHASEB_formal_fc_C0_DEFAULT_N512_q2_rep1,0,4,0,sm_89,FC_FCOLLECT_ONLY,NVSHMEM,C0_DEFAULT,2048,512,2048,2,1,8388608,59,0,0.000,0.000,0.000,0.000,PASS,0
PHASEB_formal_fc_C0_DEFAULT_N512_q2_rep1,0,4,0,sm_89,FC_FCOLLECT_ONLY,NVSHMEM,C0_DEFAULT,2048,512,2048,2,0,8388608,60,0,440.832,0.000,0.000,0.000,PASS,0
PHASEB_formal_fc_C0_DEFAULT_N512_q2_rep1,0,4,0,sm_89,FC_FCOLLECT_ONLY,NVSHMEM,C0_DEFAULT,2048,512,2048,2,1,8388608,60,0,0.000,0.000,0.000,0.000,PASS,0
PHASEB_formal_fc_C0_DEFAULT_N512_q2_rep1,0,4,0,sm_89,FC_FCOLLECT_ONLY,NVSHMEM,C0_DEFAULT,2048,512,2048,2,0,8388608,61,0,442.688,0.000,0.000,0.000,PASS,0
PHASEB_formal_fc_C0_DEFAULT_N512_q2_rep1,0,4,0,sm_89,FC_FCOLLECT_ONLY,NVSHMEM,C0_DEFAULT,2048,512,2048,2,1,8388608,61,0,0.000,0.000,0.000,0.000,PASS,0
PHASEB_formal_fc_C0_DEFAULT_N512_q2_rep1,0,4,0,sm_89,FC_FCOLLECT_ONLY,NVSHMEM,C0_DEFAULT,2048,512,2048,2,0,8388608,62,0,445.376,0.000,0.000,0.000,PASS,0
PHASEB_formal_fc_C0_DEFAULT_N512_q2_rep1,0,4,0,sm_89,FC_FCOLLECT_ONLY,NVSHMEM,C0_DEFAULT,2048,512,2048,2,1,8388608,62,0,0.000,0.000,0.000,0.000,PASS,0
PHASEB_formal_fc_C0_DEFAULT_N512_q2_rep1,0,4,0,sm_89,FC_FCOLLECT_ONLY,NVSHMEM,C0_DEFAULT,2048,512,2048,2,0,8388608,63,0,439.200,0.000,0.000,0.000,PASS,0
PHASEB_formal_fc_C0_DEFAULT_N512_q2_rep1,0,4,0,sm_89,FC_FCOLLECT_ONLY,NVSHMEM,C0_DEFAULT,2048,512,2048,2,1,8388608,63,0,0.000,0.000,0.000,0.000,PASS,0
PHASEB_formal_fc_C0_DEFAULT_N512_q2_rep1,0,4,0,sm_89,FC_FCOLLECT_ONLY,NVSHMEM,C0_DEFAULT,2048,512,2048,2,0,8388608,64,0,448.064,0.000,0.000,0.000,PASS,0
PHASEB_formal_fc_C0_DEFAULT_N512_q2_rep1,0,4,0,sm_89,FC_FCOLLECT_ONLY,NVSHMEM,C0_DEFAULT,2048,512,2048,2,1,8388608,64,0,0.000,0.000,0.000,0.000,PASS,0
PHASEB_formal_fc_C0_DEFAULT_N512_q2_rep1,0,4,0,sm_89,FC_FCOLLECT_ONLY,NVSHMEM,C0_DEFAULT,2048,512,2048,2,0,8388608,65,0,444.992,0.000,0.000,0.000,PASS,0
PHASEB_formal_fc_C0_DEFAULT_N512_q2_rep1,0,4,0,sm_89,FC_FCOLLECT_ONLY,NVSHMEM,C0_DEFAULT,2048,512,2048,2,1,8388608,65,0,0.000,0.000,0.000,0.000,PASS,0
PHASEB_formal_fc_C0_DEFAULT_N512_q2_rep1,0,4,0,sm_89,FC_FCOLLECT_ONLY,NVSHMEM,C0_DEFAULT,2048,512,2048,2,0,8388608,66,0,444.768,0.000,0.000,0.000,PASS,0
PHASEB_formal_fc_C0_DEFAULT_N512_q2_rep1,0,4,0,sm_89,FC_FCOLLECT_ONLY,NVSHMEM,C0_DEFAULT,2048,512,2048,2,1,8388608,66,0,0.000,0.000,0.000,0.000,PASS,0
PHASEB_formal_fc_C0_DEFAULT_N512_q2_rep1,0,4,0,sm_89,FC_FCOLLECT_ONLY,NVSHMEM,C0_DEFAULT,2048,512,2048,2,0,8388608,67,0,438.240,0.000,0.000,0.000,PASS,0
PHASEB_formal_fc_C0_DEFAULT_N512_q2_rep1,0,4,0,sm_89,FC_FCOLLECT_ONLY,NVSHMEM,C0_DEFAULT,2048,512,2048,2,1,8388608,67,0,0.000,0.000,0.000,0.000,PASS,0
PHASEB_formal_fc_C0_DEFAULT_N512_q2_rep1,0,4,0,sm_89,FC_FCOLLECT_ONLY,NVSHMEM,C0_DEFAULT,2048,512,2048,2,0,8388608,68,0,442.368,0.000,0.000,0.000,PASS,0
PHASEB_formal_fc_C0_DEFAULT_N512_q2_rep1,0,4,0,sm_89,FC_FCOLLECT_ONLY,NVSHMEM,C0_DEFAULT,2048,512,2048,2,1,8388608,68,0,0.000,0.000,0.000,0.000,PASS,0
PHASEB_formal_fc_C0_DEFAULT_N512_q2_rep1,0,4,0,sm_89,FC_FCOLLECT_ONLY,NVSHMEM,C0_DEFAULT,2048,512,2048,2,0,8388608,69,0,438.048,0.000,0.000,0.000,PASS,0
PHASEB_formal_fc_C0_DEFAULT_N512_q2_rep1,0,4,0,sm_89,FC_FCOLLECT_ONLY,NVSHMEM,C0_DEFAULT,2048,512,2048,2,1,8388608,69,0,0.000,0.000,0.000,0.000,PASS,0
PHASEB_formal_fc_C0_DEFAULT_N512_q2_rep1,0,4,0,sm_89,FC_FCOLLECT_ONLY,NVSHMEM,C0_DEFAULT,2048,512,2048,2,0,8388608,70,0,437.440,0.000,0.000,0.000,PASS,0
PHASEB_formal_fc_C0_DEFAULT_N512_q2_rep1,0,4,0,sm_89,FC_FCOLLECT_ONLY,NVSHMEM,C0_DEFAULT,2048,512,2048,2,1,8388608,70,0,0.000,0.000,0.000,0.000,PASS,0
PHASEB_formal_fc_C0_DEFAULT_N512_q2_rep1,0,4,0,sm_89,FC_FCOLLECT_ONLY,NVSHMEM,C0_DEFAULT,2048,512,2048,2,0,8388608,71,0,434.880,0.000,0.000,0.000,PASS,0
PHASEB_formal_fc_C0_DEFAULT_N512_q2_rep1,0,4,0,sm_89,FC_FCOLLECT_ONLY,NVSHMEM,C0_DEFAULT,2048,512,2048,2,1,8388608,71,0,0.000,0.000,0.000,0.000,PASS,0
PHASEB_formal_fc_C0_DEFAULT_N512_q2_rep1,0,4,0,sm_89,FC_FCOLLECT_ONLY,NVSHMEM,C0_DEFAULT,2048,512,2048,2,0,8388608,72,0,445.504,0.000,0.000,0.000,PASS,0
PHASEB_formal_fc_C0_DEFAULT_N512_q2_rep1,0,4,0,sm_89,FC_FCOLLECT_ONLY,NVSHMEM,C0_DEFAULT,2048,512,2048,2,1,8388608,72,0,0.000,0.000,0.000,0.000,PASS,0
PHASEB_formal_fc_C0_DEFAULT_N512_q2_rep1,0,4,0,sm_89,FC_FCOLLECT_ONLY,NVSHMEM,C0_DEFAULT,2048,512,2048,2,0,8388608,73,0,442.944,0.000,0.000,0.000,PASS,0
PHASEB_formal_fc_C0_DEFAULT_N512_q2_rep1,0,4,0,sm_89,FC_FCOLLECT_ONLY,NVSHMEM,C0_DEFAULT,2048,512,2048,2,1,8388608,73,0,0.000,0.000,0.000,0.000,PASS,0
PHASEB_formal_fc_C0_DEFAULT_N512_q2_rep1,0,4,0,sm_89,FC_FCOLLECT_ONLY,NVSHMEM,C0_DEFAULT,2048,512,2048,2,0,8388608,74,0,441.408,0.000,0.000,0.000,PASS,0
PHASEB_formal_fc_C0_DEFAULT_N512_q2_rep1,0,4,0,sm_89,FC_FCOLLECT_ONLY,NVSHMEM,C0_DEFAULT,2048,512,2048,2,1,8388608,74,0,0.000,0.000,0.000,0.000,PASS,0
PHASEB_formal_fc_C0_DEFAULT_N512_q2_rep1,0,4,0,sm_89,FC_FCOLLECT_ONLY,NVSHMEM,C0_DEFAULT,2048,512,2048,2,0,8388608,75,0,439.520,0.000,0.000,0.000,PASS,0
PHASEB_formal_fc_C0_DEFAULT_N512_q2_rep1,0,4,0,sm_89,FC_FCOLLECT_ONLY,NVSHMEM,C0_DEFAULT,2048,512,2048,2,1,8388608,75,0,0.000,0.000,0.000,0.000,PASS,0
PHASEB_formal_fc_C0_DEFAULT_N512_q2_rep1,0,4,0,sm_89,FC_FCOLLECT_ONLY,NVSHMEM,C0_DEFAULT,2048,512,2048,2,0,8388608,76,0,447.616,0.000,0.000,0.000,PASS,0
PHASEB_formal_fc_C0_DEFAULT_N512_q2_rep1,0,4,0,sm_89,FC_FCOLLECT_ONLY,NVSHMEM,C0_DEFAULT,2048,512,2048,2,1,8388608,76,0,0.000,0.000,0.000,0.000,PASS,0
PHASEB_formal_fc_C0_DEFAULT_N512_q2_rep1,0,4,0,sm_89,FC_FCOLLECT_ONLY,NVSHMEM,C0_DEFAULT,2048,512,2048,2,0,8388608,77,0,443.648,0.000,0.000,0.000,PASS,0
PHASEB_formal_fc_C0_DEFAULT_N512_q2_rep1,0,4,0,sm_89,FC_FCOLLECT_ONLY,NVSHMEM,C0_DEFAULT,2048,512,2048,2,1,8388608,77,0,0.000,0.000,0.000,0.000,PASS,0
PHASEB_formal_fc_C0_DEFAULT_N512_q2_rep1,0,4,0,sm_89,FC_FCOLLECT_ONLY,NVSHMEM,C0_DEFAULT,2048,512,2048,2,0,8388608,78,0,436.768,0.000,0.000,0.000,PASS,0
PHASEB_formal_fc_C0_DEFAULT_N512_q2_rep1,0,4,0,sm_89,FC_FCOLLECT_ONLY,NVSHMEM,C0_DEFAULT,2048,512,2048,2,1,8388608,78,0,0.000,0.000,0.000,0.000,PASS,0
PHASEB_formal_fc_C0_DEFAULT_N512_q2_rep1,0,4,0,sm_89,FC_FCOLLECT_ONLY,NVSHMEM,C0_DEFAULT,2048,512,2048,2,0,8388608,79,0,441.760,0.000,0.000,0.000,PASS,0
PHASEB_formal_fc_C0_DEFAULT_N512_q2_rep1,0,4,0,sm_89,FC_FCOLLECT_ONLY,NVSHMEM,C0_DEFAULT,2048,512,2048,2,1,8388608,79,0,0.000,0.000,0.000,0.000,PASS,0
