scope,run_id,timestamp_utc,host,gpu_model,device,rank,rank_count,dtype,M,N,K,collective,q,slice_bytes,backend,strategy,transport_hint,warmup,iteration_index,status,correctness,max_abs_error,max_rel_error,t_release_first_us,t_release_last_us,t_done_us,gemm_first_start_us,gemm_last_end_us,e2e_us,log_path,window
rank,stage1_A_DEFAULT_S2_m2048k1024n2048_q8w0_rep2,2026-09-03T02:01:14Z,cs-ec021-cfaa2-server,NVIDIA A800-SXM4-80GB,2,2,4,fp32,8192,2048,1024,AllGather-GEMM,8,4194304,NCCL,B0_FULL_SERIAL,DEFAULT,20,0,PASS,1,0,0,240.639999509,240.639999509,269.088000059,272.639989853,2089.6320343,2093.18399429,/root/second_nvidia/ag-gemm-bench/results/stage1_20260903T015055Z/stage1_A_DEFAULT_S2_m2048k1024n2048_q8w0_rep2/rank2.log,0
rank,stage1_A_DEFAULT_S2_m2048k1024n2048_q8w0_rep2,2026-09-03T02:01:14Z,cs-ec021-cfaa2-server,NVIDIA A800-SXM4-80GB,2,2,4,fp32,8192,2048,1024,AllGather-GEMM,8,4194304,NCCL,B0_FULL_SERIAL,DEFAULT,20,1,PASS,1,0,0,3193.3119297,3193.3119297,3221.72808647,3225.24809837,5041.79191589,5045.34387589,/root/second_nvidia/ag-gemm-bench/results/stage1_20260903T015055Z/stage1_A_DEFAULT_S2_m2048k1024n2048_q8w0_rep2/rank2.log,0
rank,stage1_A_DEFAULT_S2_m2048k1024n2048_q8w0_rep2,2026-09-03T02:01:14Z,cs-ec021-cfaa2-server,NVIDIA A800-SXM4-80GB,2,2,4,fp32,8192,2048,1024,AllGather-GEMM,8,4194304,NCCL,B0_FULL_SERIAL,DEFAULT,20,2,PASS,1,0,0,436.895996332,436.895996332,465.05600214,468.768000603,2285.59994698,2289.15190697,/root/second_nvidia/ag-gemm-bench/results/stage1_20260903T015055Z/stage1_A_DEFAULT_S2_m2048k1024n2048_q8w0_rep2/rank2.log,0
rank,stage1_A_DEFAULT_S2_m2048k1024n2048_q8w0_rep2,2026-09-03T02:01:14Z,cs-ec021-cfaa2-server,NVIDIA A800-SXM4-80GB,2,2,4,fp32,8192,2048,1024,AllGather-GEMM,8,4194304,NCCL,B0_FULL_SERIAL,DEFAULT,20,3,PASS,1,0,0,267.616003752,267.616003752,296.063989401,299.616008997,2116.03188515,2119.58408356,/root/second_nvidia/ag-gemm-bench/results/stage1_20260903T015055Z/stage1_A_DEFAULT_S2_m2048k1024n2048_q8w0_rep2/rank2.log,0
rank,stage1_A_DEFAULT_S2_m2048k1024n2048_q8w0_rep2,2026-09-03T02:01:14Z,cs-ec021-cfaa2-server,NVIDIA A800-SXM4-80GB,2,2,4,fp32,8192,2048,1024,AllGather-GEMM,8,4194304,NCCL,B0_FULL_SERIAL,DEFAULT,20,4,PASS,1,0,0,393.440008163,393.440008163,422.015994787,425.536006689,2242.46406555,2246.36793137,/root/second_nvidia/ag-gemm-bench/results/stage1_20260903T015055Z/stage1_A_DEFAULT_S2_m2048k1024n2048_q8w0_rep2/rank2.log,0
rank,stage1_A_DEFAULT_S2_m2048k1024n2048_q8w0_rep2,2026-09-03T02:01:14Z,cs-ec021-cfaa2-server,NVIDIA A800-SXM4-80GB,2,2,4,fp32,8192,2048,1024,AllGather-GEMM,8,4194304,NCCL,B0_FULL_SERIAL,DEFAULT,20,5,PASS,1,0,0,420.127987862,420.127987862,448.159992695,451.680004597,2268.12791824,2271.64793015,/root/second_nvidia/ag-gemm-bench/results/stage1_20260903T015055Z/stage1_A_DEFAULT_S2_m2048k1024n2048_q8w0_rep2/rank2.log,0
rank,stage1_A_DEFAULT_S2_m2048k1024n2048_q8w0_rep2,2026-09-03T02:01:14Z,cs-ec021-cfaa2-server,NVIDIA A800-SXM4-80GB,2,2,4,fp32,8192,2048,1024,AllGather-GEMM,8,4194304,NCCL,B0_FULL_SERIAL,DEFAULT,20,6,PASS,1,0,0,400.224000216,400.224000216,428.864002228,432.415992022,2249.21607971,2252.73609161,/root/second_nvidia/ag-gemm-bench/results/stage1_20260903T015055Z/stage1_A_DEFAULT_S2_m2048k1024n2048_q8w0_rep2/rank2.log,0
rank,stage1_A_DEFAULT_S2_m2048k1024n2048_q8w0_rep2,2026-09-03T02:01:14Z,cs-ec021-cfaa2-server,NVIDIA A800-SXM4-80GB,2,2,4,fp32,8192,2048,1024,AllGather-GEMM,8,4194304,NCCL,B0_FULL_SERIAL,DEFAULT,20,7,PASS,1,0,0,287.200003862,287.200003862,315.519988537,319.200009108,2136.12794876,2139.67990875,/root/second_nvidia/ag-gemm-bench/results/stage1_20260903T015055Z/stage1_A_DEFAULT_S2_m2048k1024n2048_q8w0_rep2/rank2.log,0
rank,stage1_A_DEFAULT_S2_m2048k1024n2048_q8w0_rep2,2026-09-03T02:01:15Z,cs-ec021-cfaa2-server,NVIDIA A800-SXM4-80GB,2,2,4,fp32,8192,2048,1024,AllGather-GEMM,8,4194304,NCCL,B0_FULL_SERIAL,DEFAULT,20,8,PASS,1,0,0,718.400001526,718.400001526,746.688008308,750.20802021,2566.49589539,2570.01590729,/root/second_nvidia/ag-gemm-bench/results/stage1_20260903T015055Z/stage1_A_DEFAULT_S2_m2048k1024n2048_q8w0_rep2/rank2.log,0
rank,stage1_A_DEFAULT_S2_m2048k1024n2048_q8w0_rep2,2026-09-03T02:01:15Z,cs-ec021-cfaa2-server,NVIDIA A800-SXM4-80GB,2,2,4,fp32,8192,2048,1024,AllGather-GEMM,8,4194304,NCCL,B0_FULL_SERIAL,DEFAULT,20,9,PASS,1,0,0,489.567995071,489.567995071,517.791986465,521.311998367,2337.75997162,2341.27998352,/root/second_nvidia/ag-gemm-bench/results/stage1_20260903T015055Z/stage1_A_DEFAULT_S2_m2048k1024n2048_q8w0_rep2/rank2.log,0
rank,stage1_A_DEFAULT_S2_m2048k1024n2048_q8w0_rep2,2026-09-03T02:01:15Z,cs-ec021-cfaa2-server,NVIDIA A800-SXM4-80GB,2,2,4,fp32,8192,2048,1024,AllGather-GEMM,8,4194304,NCCL,B0_FULL_SERIAL,DEFAULT,20,10,PASS,1,0,0,342.368006706,342.368006706,371.008008718,374.527990818,2191.42389297,2195.03998756,/root/second_nvidia/ag-gemm-bench/results/stage1_20260903T015055Z/stage1_A_DEFAULT_S2_m2048k1024n2048_q8w0_rep2/rank2.log,0
rank,stage1_A_DEFAULT_S2_m2048k1024n2048_q8w0_rep2,2026-09-03T02:01:15Z,cs-ec021-cfaa2-server,NVIDIA A800-SXM4-80GB,2,2,4,fp32,8192,2048,1024,AllGather-GEMM,8,4194304,NCCL,B0_FULL_SERIAL,DEFAULT,20,11,PASS,1,0,0,446.720004082,446.720004082,475.360006094,478.879988194,2295.64809799,2299.20005798,/root/second_nvidia/ag-gemm-bench/results/stage1_20260903T015055Z/stage1_A_DEFAULT_S2_m2048k1024n2048_q8w0_rep2/rank2.log,0
rank,stage1_A_DEFAULT_S2_m2048k1024n2048_q8w0_rep2,2026-09-03T02:01:15Z,cs-ec021-cfaa2-server,NVIDIA A800-SXM4-80GB,2,2,4,fp32,8192,2048,1024,AllGather-GEMM,8,4194304,NCCL,B0_FULL_SERIAL,DEFAULT,20,12,PASS,1,0,0,348.991990089,348.991990089,377.216011286,380.76800108,2196.95997238,2200.47998428,/root/second_nvidia/ag-gemm-bench/results/stage1_20260903T015055Z/stage1_A_DEFAULT_S2_m2048k1024n2048_q8w0_rep2/rank2.log,0
rank,stage1_A_DEFAULT_S2_m2048k1024n2048_q8w0_rep2,2026-09-03T02:01:15Z,cs-ec021-cfaa2-server,NVIDIA A800-SXM4-80GB,2,2,4,fp32,8192,2048,1024,AllGather-GEMM,8,4194304,NCCL,B0_FULL_SERIAL,DEFAULT,20,13,PASS,1,0,0,385.055989027,385.055989027,413.504004478,417.023986578,2233.40797424,2236.92798615,/root/second_nvidia/ag-gemm-bench/results/stage1_20260903T015055Z/stage1_A_DEFAULT_S2_m2048k1024n2048_q8w0_rep2/rank2.log,0
rank,stage1_A_DEFAULT_S2_m2048k1024n2048_q8w0_rep2,2026-09-03T02:01:15Z,cs-ec021-cfaa2-server,NVIDIA A800-SXM4-80GB,2,2,4,fp32,8192,2048,1024,AllGather-GEMM,8,4194304,NCCL,B0_FULL_SERIAL,DEFAULT,20,14,PASS,1,0,0,304.928004742,304.928004742,333.216011524,336.735993624,2153.21588516,2156.73589706,/root/second_nvidia/ag-gemm-bench/results/stage1_20260903T015055Z/stage1_A_DEFAULT_S2_m2048k1024n2048_q8w0_rep2/rank2.log,0
rank,stage1_A_DEFAULT_S2_m2048k1024n2048_q8w0_rep2,2026-09-03T02:01:15Z,cs-ec021-cfaa2-server,NVIDIA A800-SXM4-80GB,2,2,4,fp32,8192,2048,1024,AllGather-GEMM,8,4194304,NCCL,B0_FULL_SERIAL,DEFAULT,20,15,PASS,1,0,0,340.64000845,340.64000845,368.959993124,372.799992561,2189.34392929,2192.92807579,/root/second_nvidia/ag-gemm-bench/results/stage1_20260903T015055Z/stage1_A_DEFAULT_S2_m2048k1024n2048_q8w0_rep2/rank2.log,0
rank,stage1_A_DEFAULT_S2_m2048k1024n2048_q8w0_rep2,2026-09-03T02:01:15Z,cs-ec021-cfaa2-server,NVIDIA A800-SXM4-80GB,2,2,4,fp32,8192,2048,1024,AllGather-GEMM,8,4194304,NCCL,B0_FULL_SERIAL,DEFAULT,20,16,PASS,1,0,0,303.840011358,303.840011358,332.192003727,335.711985826,2152.22406387,2155.74407578,/root/second_nvidia/ag-gemm-bench/results/stage1_20260903T015055Z/stage1_A_DEFAULT_S2_m2048k1024n2048_q8w0_rep2/rank2.log,0
rank,stage1_A_DEFAULT_S2_m2048k1024n2048_q8w0_rep2,2026-09-03T02:01:15Z,cs-ec021-cfaa2-server,NVIDIA A800-SXM4-80GB,2,2,4,fp32,8192,2048,1024,AllGather-GEMM,8,4194304,NCCL,B0_FULL_SERIAL,DEFAULT,20,17,PASS,1,0,0,310.784012079,310.784012079,339.392006397,342.911988497,2159.42406654,2162.94407845,/root/second_nvidia/ag-gemm-bench/results/stage1_20260903T015055Z/stage1_A_DEFAULT_S2_m2048k1024n2048_q8w0_rep2/rank2.log,0
rank,stage1_A_DEFAULT_S2_m2048k1024n2048_q8w0_rep2,2026-09-03T02:01:16Z,cs-ec021-cfaa2-server,NVIDIA A800-SXM4-80GB,2,2,4,fp32,8192,2048,1024,AllGather-GEMM,8,4194304,NCCL,B0_FULL_SERIAL,DEFAULT,20,18,PASS,1,0,0,315.775990486,315.775990486,344.287991524,347.775995731,2164.38388824,2167.90390015,/root/second_nvidia/ag-gemm-bench/results/stage1_20260903T015055Z/stage1_A_DEFAULT_S2_m2048k1024n2048_q8w0_rep2/rank2.log,0
rank,stage1_A_DEFAULT_S2_m2048k1024n2048_q8w0_rep2,2026-09-03T02:01:16Z,cs-ec021-cfaa2-server,NVIDIA A800-SXM4-80GB,2,2,4,fp32,8192,2048,1024,AllGather-GEMM,8,4194304,NCCL,B0_FULL_SERIAL,DEFAULT,20,19,PASS,1,0,0,409.759998322,409.759998322,438.304007053,441.823989153,2258.52799416,2262.07995415,/root/second_nvidia/ag-gemm-bench/results/stage1_20260903T015055Z/stage1_A_DEFAULT_S2_m2048k1024n2048_q8w0_rep2/rank2.log,0
rank,stage1_A_DEFAULT_S2_m2048k1024n2048_q8w0_rep2,2026-09-03T02:01:16Z,cs-ec021-cfaa2-server,NVIDIA A800-SXM4-80GB,2,2,4,fp32,8192,2048,1024,AllGather-GEMM,8,4194304,NCCL,B0_FULL_SERIAL,DEFAULT,20,20,PASS,1,0,0,308.735996485,308.735996485,340.351998806,344.287991524,2588.25588226,2592.19193459,/root/second_nvidia/ag-gemm-bench/results/stage1_20260903T015055Z/stage1_A_DEFAULT_S2_m2048k1024n2048_q8w0_rep2/rank2.log,0
rank,stage1_A_DEFAULT_S2_m2048k1024n2048_q8w0_rep2,2026-09-03T02:01:16Z,cs-ec021-cfaa2-server,NVIDIA A800-SXM4-80GB,2,2,4,fp32,8192,2048,1024,AllGather-GEMM,8,4194304,NCCL,B0_FULL_SERIAL,DEFAULT,20,21,PASS,1,0,0,344.895988703,344.895988703,376.352012157,380.288004875,2629.47201729,2633.40806961,/root/second_nvidia/ag-gemm-bench/results/stage1_20260903T015055Z/stage1_A_DEFAULT_S2_m2048k1024n2048_q8w0_rep2/rank2.log,0
rank,stage1_A_DEFAULT_S2_m2048k1024n2048_q8w0_rep2,2026-09-03T02:01:16Z,cs-ec021-cfaa2-server,NVIDIA A800-SXM4-80GB,2,2,4,fp32,8192,2048,1024,AllGather-GEMM,8,4194304,NCCL,B0_FULL_SERIAL,DEFAULT,20,22,PASS,1,0,0,441.888004541,441.888004541,473.408013582,477.3440063,2727.29611397,2731.26411438,/root/second_nvidia/ag-gemm-bench/results/stage1_20260903T015055Z/stage1_A_DEFAULT_S2_m2048k1024n2048_q8w0_rep2/rank2.log,0
rank,stage1_A_DEFAULT_S2_m2048k1024n2048_q8w0_rep2,2026-09-03T02:01:16Z,cs-ec021-cfaa2-server,NVIDIA A800-SXM4-80GB,2,2,4,fp32,8192,2048,1024,AllGather-GEMM,8,4194304,NCCL,B0_FULL_SERIAL,DEFAULT,20,23,PASS,1,0,0,319.775998592,319.775998592,351.231992245,355.168014765,2604.2881012,2608.25610161,/root/second_nvidia/ag-gemm-bench/results/stage1_20260903T015055Z/stage1_A_DEFAULT_S2_m2048k1024n2048_q8w0_rep2/rank2.log,0
rank,stage1_A_DEFAULT_S2_m2048k1024n2048_q8w0_rep2,2026-09-03T02:01:16Z,cs-ec021-cfaa2-server,NVIDIA A800-SXM4-80GB,2,2,4,fp32,8192,2048,1024,AllGather-GEMM,8,4194304,NCCL,B0_FULL_SERIAL,DEFAULT,20,24,PASS,1,0,0,306.176006794,306.176006794,338.048011065,341.984003782,2591.71199799,2595.64805031,/root/second_nvidia/ag-gemm-bench/results/stage1_20260903T015055Z/stage1_A_DEFAULT_S2_m2048k1024n2048_q8w0_rep2/rank2.log,0
rank,stage1_A_DEFAULT_S2_m2048k1024n2048_q8w0_rep2,2026-09-03T02:01:16Z,cs-ec021-cfaa2-server,NVIDIA A800-SXM4-80GB,2,2,4,fp32,8192,2048,1024,AllGather-GEMM,8,4194304,NCCL,B0_FULL_SERIAL,DEFAULT,20,25,PASS,1,0,0,306.272000074,306.272000074,337.792009115,341.695994139,2591.36009216,2595.32809258,/root/second_nvidia/ag-gemm-bench/results/stage1_20260903T015055Z/stage1_A_DEFAULT_S2_m2048k1024n2048_q8w0_rep2/rank2.log,0
rank,stage1_A_DEFAULT_S2_m2048k1024n2048_q8w0_rep2,2026-09-03T02:01:16Z,cs-ec021-cfaa2-server,NVIDIA A800-SXM4-80GB,2,2,4,fp32,8192,2048,1024,AllGather-GEMM,8,4194304,NCCL,B0_FULL_SERIAL,DEFAULT,20,26,PASS,1,0,0,294.624000788,294.624000788,326.591998339,330.527991056,2579.87189293,2583.80794525,/root/second_nvidia/ag-gemm-bench/results/stage1_20260903T015055Z/stage1_A_DEFAULT_S2_m2048k1024n2048_q8w0_rep2/rank2.log,0
rank,stage1_A_DEFAULT_S2_m2048k1024n2048_q8w0_rep2,2026-09-03T02:01:16Z,cs-ec021-cfaa2-server,NVIDIA A800-SXM4-80GB,2,2,4,fp32,8192,2048,1024,AllGather-GEMM,8,4194304,NCCL,B0_FULL_SERIAL,DEFAULT,20,27,PASS,1,0,0,647.231996059,647.231996059,678.7520051,682.687997818,2931.90407753,2935.83989143,/root/second_nvidia/ag-gemm-bench/results/stage1_20260903T015055Z/stage1_A_DEFAULT_S2_m2048k1024n2048_q8w0_rep2/rank2.log,0
rank,stage1_A_DEFAULT_S2_m2048k1024n2048_q8w0_rep2,2026-09-03T02:01:16Z,cs-ec021-cfaa2-server,NVIDIA A800-SXM4-80GB,2,2,4,fp32,8192,2048,1024,AllGather-GEMM,8,4194304,NCCL,B0_FULL_SERIAL,DEFAULT,20,28,PASS,1,0,0,402.399986982,402.399986982,433.824002743,437.792003155,2685.66393852,2689.53609467,/root/second_nvidia/ag-gemm-bench/results/stage1_20260903T015055Z/stage1_A_DEFAULT_S2_m2048k1024n2048_q8w0_rep2/rank2.log,0
rank,stage1_A_DEFAULT_S2_m2048k1024n2048_q8w0_rep2,2026-09-03T02:01:17Z,cs-ec021-cfaa2-server,NVIDIA A800-SXM4-80GB,2,2,4,fp32,8192,2048,1024,AllGather-GEMM,8,4194304,NCCL,B0_FULL_SERIAL,DEFAULT,20,29,PASS,1,0,0,335.519999266,335.519999266,367.040008307,370.976001024,2620.48006058,2624.4161129,/root/second_nvidia/ag-gemm-bench/results/stage1_20260903T015055Z/stage1_A_DEFAULT_S2_m2048k1024n2048_q8w0_rep2/rank2.log,0
rank,stage1_A_DEFAULT_S2_m2048k1024n2048_q8w0_rep2,2026-09-03T02:01:17Z,cs-ec021-cfaa2-server,NVIDIA A800-SXM4-80GB,2,2,4,fp32,8192,2048,1024,AllGather-GEMM,8,4194304,NCCL,B0_FULL_SERIAL,DEFAULT,20,30,PASS,1,0,0,310.719996691,310.719996691,342.848002911,346.783995628,2596.83203697,2600.80003738,/root/second_nvidia/ag-gemm-bench/results/stage1_20260903T015055Z/stage1_A_DEFAULT_S2_m2048k1024n2048_q8w0_rep2/rank2.log,0
rank,stage1_A_DEFAULT_S2_m2048k1024n2048_q8w0_rep2,2026-09-03T02:01:17Z,cs-ec021-cfaa2-server,NVIDIA A800-SXM4-80GB,2,2,4,fp32,8192,2048,1024,AllGather-GEMM,8,4194304,NCCL,B0_FULL_SERIAL,DEFAULT,20,31,PASS,1,0,0,309.792011976,309.792011976,341.280013323,345.248013735,2595.45588493,2599.39193726,/root/second_nvidia/ag-gemm-bench/results/stage1_20260903T015055Z/stage1_A_DEFAULT_S2_m2048k1024n2048_q8w0_rep2/rank2.log,0
rank,stage1_A_DEFAULT_S2_m2048k1024n2048_q8w0_rep2,2026-09-03T02:01:17Z,cs-ec021-cfaa2-server,NVIDIA A800-SXM4-80GB,2,2,4,fp32,8192,2048,1024,AllGather-GEMM,8,4194304,NCCL,B0_FULL_SERIAL,DEFAULT,20,32,PASS,1,0,0,324.128001928,324.128001928,355.232000351,359.135985374,2608.73603821,2612.67209053,/root/second_nvidia/ag-gemm-bench/results/stage1_20260903T015055Z/stage1_A_DEFAULT_S2_m2048k1024n2048_q8w0_rep2/rank2.log,0
rank,stage1_A_DEFAULT_S2_m2048k1024n2048_q8w0_rep2,2026-09-03T02:01:17Z,cs-ec021-cfaa2-server,NVIDIA A800-SXM4-80GB,2,2,4,fp32,8192,2048,1024,AllGather-GEMM,8,4194304,NCCL,B0_FULL_SERIAL,DEFAULT,20,33,PASS,1,0,0,313.43999505,313.43999505,345.183998346,349.119991064,2598.07991982,2602.04792023,/root/second_nvidia/ag-gemm-bench/results/stage1_20260903T015055Z/stage1_A_DEFAULT_S2_m2048k1024n2048_q8w0_rep2/rank2.log,0
rank,stage1_A_DEFAULT_S2_m2048k1024n2048_q8w0_rep2,2026-09-03T02:01:17Z,cs-ec021-cfaa2-server,NVIDIA A800-SXM4-80GB,2,2,4,fp32,8192,2048,1024,AllGather-GEMM,8,4194304,NCCL,B0_FULL_SERIAL,DEFAULT,20,34,PASS,1,0,0,308.127999306,308.127999306,339.583992958,343.519985676,2594.30408478,2598.23989868,/root/second_nvidia/ag-gemm-bench/results/stage1_20260903T015055Z/stage1_A_DEFAULT_S2_m2048k1024n2048_q8w0_rep2/rank2.log,0
rank,stage1_A_DEFAULT_S2_m2048k1024n2048_q8w0_rep2,2026-09-03T02:01:17Z,cs-ec021-cfaa2-server,NVIDIA A800-SXM4-80GB,2,2,4,fp32,8192,2048,1024,AllGather-GEMM,8,4194304,NCCL,B0_FULL_SERIAL,DEFAULT,20,35,PASS,1,0,0,311.839997768,311.839997768,343.744009733,347.680002451,2596.54402733,2600.44789314,/root/second_nvidia/ag-gemm-bench/results/stage1_20260903T015055Z/stage1_A_DEFAULT_S2_m2048k1024n2048_q8w0_rep2/rank2.log,0
rank,stage1_A_DEFAULT_S2_m2048k1024n2048_q8w0_rep2,2026-09-03T02:01:17Z,cs-ec021-cfaa2-server,NVIDIA A800-SXM4-80GB,2,2,4,fp32,8192,2048,1024,AllGather-GEMM,8,4194304,NCCL,B0_FULL_SERIAL,DEFAULT,20,36,PASS,1,0,0,371.104001999,371.104001999,402.592003345,406.560003757,2653.59997749,2657.56797791,/root/second_nvidia/ag-gemm-bench/results/stage1_20260903T015055Z/stage1_A_DEFAULT_S2_m2048k1024n2048_q8w0_rep2/rank2.log,0
rank,stage1_A_DEFAULT_S2_m2048k1024n2048_q8w0_rep2,2026-09-03T02:01:17Z,cs-ec021-cfaa2-server,NVIDIA A800-SXM4-80GB,2,2,4,fp32,8192,2048,1024,AllGather-GEMM,8,4194304,NCCL,B0_FULL_SERIAL,DEFAULT,20,37,PASS,1,0,0,494.239985943,494.239985943,525.727987289,529.663980007,2779.45590019,2783.4239006,/root/second_nvidia/ag-gemm-bench/results/stage1_20260903T015055Z/stage1_A_DEFAULT_S2_m2048k1024n2048_q8w0_rep2/rank2.log,0
rank,stage1_A_DEFAULT_S2_m2048k1024n2048_q8w0_rep2,2026-09-03T02:01:17Z,cs-ec021-cfaa2-server,NVIDIA A800-SXM4-80GB,2,2,4,fp32,8192,2048,1024,AllGather-GEMM,8,4194304,NCCL,B0_FULL_SERIAL,DEFAULT,20,38,PASS,1,0,0,348.479986191,348.479986191,379.904001951,383.839994669,2634.01603699,2637.9199028,/root/second_nvidia/ag-gemm-bench/results/stage1_20260903T015055Z/stage1_A_DEFAULT_S2_m2048k1024n2048_q8w0_rep2/rank2.log,0
rank,stage1_A_DEFAULT_S2_m2048k1024n2048_q8w0_rep2,2026-09-03T02:01:18Z,cs-ec021-cfaa2-server,NVIDIA A800-SXM4-80GB,2,2,4,fp32,8192,2048,1024,AllGather-GEMM,8,4194304,NCCL,B0_FULL_SERIAL,DEFAULT,20,39,PASS,1,0,0,397.247999907,397.247999907,428.768008947,432.704001665,2681.27989769,2685.21595001,/root/second_nvidia/ag-gemm-bench/results/stage1_20260903T015055Z/stage1_A_DEFAULT_S2_m2048k1024n2048_q8w0_rep2/rank2.log,0
rank,stage1_A_DEFAULT_S2_m2048k1024n2048_q8w0_rep2,2026-09-03T02:01:18Z,cs-ec021-cfaa2-server,NVIDIA A800-SXM4-80GB,2,2,4,fp32,8192,2048,1024,AllGather-GEMM,8,4194304,NCCL,B0_FULL_SERIAL,DEFAULT,20,40,PASS,1,0,0,302.015990019,302.015990019,333.600014448,337.503999472,2587.16797829,2591.2001133,/root/second_nvidia/ag-gemm-bench/results/stage1_20260903T015055Z/stage1_A_DEFAULT_S2_m2048k1024n2048_q8w0_rep2/rank2.log,0
rank,stage1_A_DEFAULT_S2_m2048k1024n2048_q8w0_rep2,2026-09-03T02:01:18Z,cs-ec021-cfaa2-server,NVIDIA A800-SXM4-80GB,2,2,4,fp32,8192,2048,1024,AllGather-GEMM,8,4194304,NCCL,B0_FULL_SERIAL,DEFAULT,20,41,PASS,1,0,0,398.016005754,398.016005754,429.536014795,433.472007513,2680.92799187,2684.86404419,/root/second_nvidia/ag-gemm-bench/results/stage1_20260903T015055Z/stage1_A_DEFAULT_S2_m2048k1024n2048_q8w0_rep2/rank2.log,0
rank,stage1_A_DEFAULT_S2_m2048k1024n2048_q8w0_rep2,2026-09-03T02:01:18Z,cs-ec021-cfaa2-server,NVIDIA A800-SXM4-80GB,2,2,4,fp32,8192,2048,1024,AllGather-GEMM,8,4194304,NCCL,B0_FULL_SERIAL,DEFAULT,20,42,PASS,1,0,0,432.319998741,432.319998741,463.423997164,467.359989882,2716.25590324,2720.19195557,/root/second_nvidia/ag-gemm-bench/results/stage1_20260903T015055Z/stage1_A_DEFAULT_S2_m2048k1024n2048_q8w0_rep2/rank2.log,0
rank,stage1_A_DEFAULT_S2_m2048k1024n2048_q8w0_rep2,2026-09-03T02:01:18Z,cs-ec021-cfaa2-server,NVIDIA A800-SXM4-80GB,2,2,4,fp32,8192,2048,1024,AllGather-GEMM,8,4194304,NCCL,B0_FULL_SERIAL,DEFAULT,20,43,PASS,1,0,0,309.376001358,309.376001358,340.799987316,344.736009836,2594.20800209,2598.14405441,/root/second_nvidia/ag-gemm-bench/results/stage1_20260903T015055Z/stage1_A_DEFAULT_S2_m2048k1024n2048_q8w0_rep2/rank2.log,0
rank,stage1_A_DEFAULT_S2_m2048k1024n2048_q8w0_rep2,2026-09-03T02:01:18Z,cs-ec021-cfaa2-server,NVIDIA A800-SXM4-80GB,2,2,4,fp32,8192,2048,1024,AllGather-GEMM,8,4194304,NCCL,B0_FULL_SERIAL,DEFAULT,20,44,PASS,1,0,0,285.728007555,285.728007555,317.088007927,320.99199295,2569.63205338,2573.5681057,/root/second_nvidia/ag-gemm-bench/results/stage1_20260903T015055Z/stage1_A_DEFAULT_S2_m2048k1024n2048_q8w0_rep2/rank2.log,0
rank,stage1_A_DEFAULT_S2_m2048k1024n2048_q8w0_rep2,2026-09-03T02:01:18Z,cs-ec021-cfaa2-server,NVIDIA A800-SXM4-80GB,2,2,4,fp32,8192,2048,1024,AllGather-GEMM,8,4194304,NCCL,B0_FULL_SERIAL,DEFAULT,20,45,PASS,1,0,0,305.79200387,305.79200387,337.247997522,341.18399024,2590.01588821,2594.27189827,/root/second_nvidia/ag-gemm-bench/results/stage1_20260903T015055Z/stage1_A_DEFAULT_S2_m2048k1024n2048_q8w0_rep2/rank2.log,0
rank,stage1_A_DEFAULT_S2_m2048k1024n2048_q8w0_rep2,2026-09-03T02:01:18Z,cs-ec021-cfaa2-server,NVIDIA A800-SXM4-80GB,2,2,4,fp32,8192,2048,1024,AllGather-GEMM,8,4194304,NCCL,B0_FULL_SERIAL,DEFAULT,20,46,PASS,1,0,0,395.007997751,395.007997751,426.495999098,430.431991816,2679.7440052,2683.61592293,/root/second_nvidia/ag-gemm-bench/results/stage1_20260903T015055Z/stage1_A_DEFAULT_S2_m2048k1024n2048_q8w0_rep2/rank2.log,0
rank,stage1_A_DEFAULT_S2_m2048k1024n2048_q8w0_rep2,2026-09-03T02:01:18Z,cs-ec021-cfaa2-server,NVIDIA A800-SXM4-80GB,2,2,4,fp32,8192,2048,1024,AllGather-GEMM,8,4194304,NCCL,B0_FULL_SERIAL,DEFAULT,20,47,PASS,1,0,0,299.008011818,299.008011818,330.46400547,334.399998188,2583.00805092,2586.97605133,/root/second_nvidia/ag-gemm-bench/results/stage1_20260903T015055Z/stage1_A_DEFAULT_S2_m2048k1024n2048_q8w0_rep2/rank2.log,0
rank,stage1_A_DEFAULT_S2_m2048k1024n2048_q8w0_rep2,2026-09-03T02:01:18Z,cs-ec021-cfaa2-server,NVIDIA A800-SXM4-80GB,2,2,4,fp32,8192,2048,1024,AllGather-GEMM,8,4194304,NCCL,B0_FULL_SERIAL,DEFAULT,20,48,PASS,1,0,0,314.943999052,314.943999052,346.592009068,350.528001785,2598.43206406,2602.30398178,/root/second_nvidia/ag-gemm-bench/results/stage1_20260903T015055Z/stage1_A_DEFAULT_S2_m2048k1024n2048_q8w0_rep2/rank2.log,0
rank,stage1_A_DEFAULT_S2_m2048k1024n2048_q8w0_rep2,2026-09-03T02:01:18Z,cs-ec021-cfaa2-server,NVIDIA A800-SXM4-80GB,2,2,4,fp32,8192,2048,1024,AllGather-GEMM,8,4194304,NCCL,B0_FULL_SERIAL,DEFAULT,20,49,PASS,1,0,0,302.399992943,302.399992943,333.952009678,337.92001009,2587.96811104,2591.90392494,/root/second_nvidia/ag-gemm-bench/results/stage1_20260903T015055Z/stage1_A_DEFAULT_S2_m2048k1024n2048_q8w0_rep2/rank2.log,0
rank,stage1_A_DEFAULT_S2_m2048k1024n2048_q8w0_rep2,2026-09-03T02:01:19Z,cs-ec021-cfaa2-server,NVIDIA A800-SXM4-80GB,2,2,4,fp32,8192,2048,1024,AllGather-GEMM,8,4194304,NCCL,B1_SLICE_SERIAL,DEFAULT,20,0,PASS,1,0,0,158.496007323,3127.64811516,3131.58392906,162.783995271,3466.33601189,3470.27206421,/root/second_nvidia/ag-gemm-bench/results/stage1_20260903T015055Z/stage1_A_DEFAULT_S2_m2048k1024n2048_q8w0_rep2/rank2.log,0
rank,stage1_A_DEFAULT_S2_m2048k1024n2048_q8w0_rep2,2026-09-03T02:01:19Z,cs-ec021-cfaa2-server,NVIDIA A800-SXM4-80GB,2,2,4,fp32,8192,2048,1024,AllGather-GEMM,8,4194304,NCCL,B1_SLICE_SERIAL,DEFAULT,20,1,PASS,1,0,0,157.792001963,3219.68007088,3223.5519886,162.272006273,3558.75205994,3562.72006035,/root/second_nvidia/ag-gemm-bench/results/stage1_20260903T015055Z/stage1_A_DEFAULT_S2_m2048k1024n2048_q8w0_rep2/rank2.log,0
rank,stage1_A_DEFAULT_S2_m2048k1024n2048_q8w0_rep2,2026-09-03T02:01:19Z,cs-ec021-cfaa2-server,NVIDIA A800-SXM4-80GB,2,2,4,fp32,8192,2048,1024,AllGather-GEMM,8,4194304,NCCL,B1_SLICE_SERIAL,DEFAULT,20,2,PASS,1,0,0,277.855992317,3311.19990349,3315.26398659,282.144010067,3649.5039463,3653.43999863,/root/second_nvidia/ag-gemm-bench/results/stage1_20260903T015055Z/stage1_A_DEFAULT_S2_m2048k1024n2048_q8w0_rep2/rank2.log,0
rank,stage1_A_DEFAULT_S2_m2048k1024n2048_q8w0_rep2,2026-09-03T02:01:19Z,cs-ec021-cfaa2-server,NVIDIA A800-SXM4-80GB,2,2,4,fp32,8192,2048,1024,AllGather-GEMM,8,4194304,NCCL,B1_SLICE_SERIAL,DEFAULT,20,3,PASS,1,0,0,418.879985809,3423.36010933,3427.29592323,423.231989145,3762.20798492,3766.14403725,/root/second_nvidia/ag-gemm-bench/results/stage1_20260903T015055Z/stage1_A_DEFAULT_S2_m2048k1024n2048_q8w0_rep2/rank2.log,0
rank,stage1_A_DEFAULT_S2_m2048k1024n2048_q8w0_rep2,2026-09-03T02:01:19Z,cs-ec021-cfaa2-server,NVIDIA A800-SXM4-80GB,2,2,4,fp32,8192,2048,1024,AllGather-GEMM,8,4194304,NCCL,B1_SLICE_SERIAL,DEFAULT,20,4,PASS,1,0,0,176.38400197,3211.61603928,3215.5520916,180.736005306,3549.27992821,3553.21598053,/root/second_nvidia/ag-gemm-bench/results/stage1_20260903T015055Z/stage1_A_DEFAULT_S2_m2048k1024n2048_q8w0_rep2/rank2.log,0
rank,stage1_A_DEFAULT_S2_m2048k1024n2048_q8w0_rep2,2026-09-03T02:01:19Z,cs-ec021-cfaa2-server,NVIDIA A800-SXM4-80GB,2,2,4,fp32,8192,2048,1024,AllGather-GEMM,8,4194304,NCCL,B1_SLICE_SERIAL,DEFAULT,20,5,PASS,1,0,0,253.888010979,3268.28789711,3272.22394943,258.20800662,3607.2640419,3611.20009422,/root/second_nvidia/ag-gemm-bench/results/stage1_20260903T015055Z/stage1_A_DEFAULT_S2_m2048k1024n2048_q8w0_rep2/rank2.log,0
rank,stage1_A_DEFAULT_S2_m2048k1024n2048_q8w0_rep2,2026-09-03T02:01:19Z,cs-ec021-cfaa2-server,NVIDIA A800-SXM4-80GB,2,2,4,fp32,8192,2048,1024,AllGather-GEMM,8,4194304,NCCL,B1_SLICE_SERIAL,DEFAULT,20,6,PASS,1,0,0,434.879988432,3455.51991463,3459.42401886,439.135998487,3792.54388809,3796.44799232,/root/second_nvidia/ag-gemm-bench/results/stage1_20260903T015055Z/stage1_A_DEFAULT_S2_m2048k1024n2048_q8w0_rep2/rank2.log,0
rank,stage1_A_DEFAULT_S2_m2048k1024n2048_q8w0_rep2,2026-09-03T02:01:19Z,cs-ec021-cfaa2-server,NVIDIA A800-SXM4-80GB,2,2,4,fp32,8192,2048,1024,AllGather-GEMM,8,4194304,NCCL,B1_SLICE_SERIAL,DEFAULT,20,7,PASS,1,0,0,181.951999664,3229.31194305,3233.24799538,186.496004462,3567.67988205,3571.64788246,/root/second_nvidia/ag-gemm-bench/results/stage1_20260903T015055Z/stage1_A_DEFAULT_S2_m2048k1024n2048_q8w0_rep2/rank2.log,0
rank,stage1_A_DEFAULT_S2_m2048k1024n2048_q8w0_rep2,2026-09-03T02:01:19Z,cs-ec021-cfaa2-server,NVIDIA A800-SXM4-80GB,2,2,4,fp32,8192,2048,1024,AllGather-GEMM,8,4194304,NCCL,B1_SLICE_SERIAL,DEFAULT,20,8,PASS,1,0,0,192.128002644,3213.504076,3217.43988991,196.511998773,3550.75192451,3554.68797684,/root/second_nvidia/ag-gemm-bench/results/stage1_20260903T015055Z/stage1_A_DEFAULT_S2_m2048k1024n2048_q8w0_rep2/rank2.log,0
rank,stage1_A_DEFAULT_S2_m2048k1024n2048_q8w0_rep2,2026-09-03T02:01:19Z,cs-ec021-cfaa2-server,NVIDIA A800-SXM4-80GB,2,2,4,fp32,8192,2048,1024,AllGather-GEMM,8,4194304,NCCL,B1_SLICE_SERIAL,DEFAULT,20,9,PASS,1,0,0,196.960002184,3206.3999176,3210.30402184,201.504006982,3545.27997971,3549.50404167,/root/second_nvidia/ag-gemm-bench/results/stage1_20260903T015055Z/stage1_A_DEFAULT_S2_m2048k1024n2048_q8w0_rep2/rank2.log,0
rank,stage1_A_DEFAULT_S2_m2048k1024n2048_q8w0_rep2,2026-09-03T02:01:20Z,cs-ec021-cfaa2-server,NVIDIA A800-SXM4-80GB,2,2,4,fp32,8192,2048,1024,AllGather-GEMM,8,4194304,NCCL,B1_SLICE_SERIAL,DEFAULT,20,10,PASS,1,0,0,419.072002172,3446.01607323,3449.95188713,423.391997814,3784.9919796,3788.92803192,/root/second_nvidia/ag-gemm-bench/results/stage1_20260903T015055Z/stage1_A_DEFAULT_S2_m2048k1024n2048_q8w0_rep2/rank2.log,0
rank,stage1_A_DEFAULT_S2_m2048k1024n2048_q8w0_rep2,2026-09-03T02:01:20Z,cs-ec021-cfaa2-server,NVIDIA A800-SXM4-80GB,2,2,4,fp32,8192,2048,1024,AllGather-GEMM,8,4194304,NCCL,B1_SLICE_SERIAL,DEFAULT,20,11,PASS,1,0,0,285.120010376,3350.20804405,3354.14409637,289.344012737,3689.8560524,3693.75991821,/root/second_nvidia/ag-gemm-bench/results/stage1_20260903T015055Z/stage1_A_DEFAULT_S2_m2048k1024n2048_q8w0_rep2/rank2.log,0
rank,stage1_A_DEFAULT_S2_m2048k1024n2048_q8w0_rep2,2026-09-03T02:01:20Z,cs-ec021-cfaa2-server,NVIDIA A800-SXM4-80GB,2,2,4,fp32,8192,2048,1024,AllGather-GEMM,8,4194304,NCCL,B1_SLICE_SERIAL,DEFAULT,20,12,PASS,1,0,0,163.488000631,3144.41609383,3148.38409424,167.968004942,3482.3679924,3486.30404472,/root/second_nvidia/ag-gemm-bench/results/stage1_20260903T015055Z/stage1_A_DEFAULT_S2_m2048k1024n2048_q8w0_rep2/rank2.log,0
rank,stage1_A_DEFAULT_S2_m2048k1024n2048_q8w0_rep2,2026-09-03T02:01:20Z,cs-ec021-cfaa2-server,NVIDIA A800-SXM4-80GB,2,2,4,fp32,8192,2048,1024,AllGather-GEMM,8,4194304,NCCL,B1_SLICE_SERIAL,DEFAULT,20,13,PASS,1,0,0,662.240028381,3692.44790077,3696.38395309,666.848003864,4031.07213974,4035.03990173,/root/second_nvidia/ag-gemm-bench/results/stage1_20260903T015055Z/stage1_A_DEFAULT_S2_m2048k1024n2048_q8w0_rep2/rank2.log,0
rank,stage1_A_DEFAULT_S2_m2048k1024n2048_q8w0_rep2,2026-09-03T02:01:20Z,cs-ec021-cfaa2-server,NVIDIA A800-SXM4-80GB,2,2,4,fp32,8192,2048,1024,AllGather-GEMM,8,4194304,NCCL,B1_SLICE_SERIAL,DEFAULT,20,14,PASS,1,0,0,697.02398777,3717.85593033,3721.79198265,701.568007469,4055.42421341,4059.36002731,/root/second_nvidia/ag-gemm-bench/results/stage1_20260903T015055Z/stage1_A_DEFAULT_S2_m2048k1024n2048_q8w0_rep2/rank2.log,0
rank,stage1_A_DEFAULT_S2_m2048k1024n2048_q8w0_rep2,2026-09-03T02:01:20Z,cs-ec021-cfaa2-server,NVIDIA A800-SXM4-80GB,2,2,4,fp32,8192,2048,1024,AllGather-GEMM,8,4194304,NCCL,B1_SLICE_SERIAL,DEFAULT,20,15,PASS,1,0,0,467.42400527,3465.7599926,3469.95210648,471.711993217,3804.60810661,3808.57610703,/root/second_nvidia/ag-gemm-bench/results/stage1_20260903T015055Z/stage1_A_DEFAULT_S2_m2048k1024n2048_q8w0_rep2/rank2.log,0
rank,stage1_A_DEFAULT_S2_m2048k1024n2048_q8w0_rep2,2026-09-03T02:01:20Z,cs-ec021-cfaa2-server,NVIDIA A800-SXM4-80GB,2,2,4,fp32,8192,2048,1024,AllGather-GEMM,8,4194304,NCCL,B1_SLICE_SERIAL,DEFAULT,20,16,PASS,1,0,0,717.151999474,3765.75994492,3769.69599724,721.59999609,4103.29580307,4107.23209381,/root/second_nvidia/ag-gemm-bench/results/stage1_20260903T015055Z/stage1_A_DEFAULT_S2_m2048k1024n2048_q8w0_rep2/rank2.log,0
rank,stage1_A_DEFAULT_S2_m2048k1024n2048_q8w0_rep2,2026-09-03T02:01:20Z,cs-ec021-cfaa2-server,NVIDIA A800-SXM4-80GB,2,2,4,fp32,8192,2048,1024,AllGather-GEMM,8,4194304,NCCL,B1_SLICE_SERIAL,DEFAULT,20,17,PASS,1,0,0,710.207998753,3711.67993546,3715.67988396,714.528024197,4050.75216293,4054.68797684,/root/second_nvidia/ag-gemm-bench/results/stage1_20260903T015055Z/stage1_A_DEFAULT_S2_m2048k1024n2048_q8w0_rep2/rank2.log,0
rank,stage1_A_DEFAULT_S2_m2048k1024n2048_q8w0_rep2,2026-09-03T02:01:20Z,cs-ec021-cfaa2-server,NVIDIA A800-SXM4-80GB,2,2,4,fp32,8192,2048,1024,AllGather-GEMM,8,4194304,NCCL,B1_SLICE_SERIAL,DEFAULT,20,18,PASS,1,0,0,765.280008316,3802.36792564,3806.30397797,769.695997238,4140.38419724,4144.32001114,/root/second_nvidia/ag-gemm-bench/results/stage1_20260903T015055Z/stage1_A_DEFAULT_S2_m2048k1024n2048_q8w0_rep2/rank2.log,0
rank,stage1_A_DEFAULT_S2_m2048k1024n2048_q8w0_rep2,2026-09-03T02:01:20Z,cs-ec021-cfaa2-server,NVIDIA A800-SXM4-80GB,2,2,4,fp32,8192,2048,1024,AllGather-GEMM,8,4194304,NCCL,B1_SLICE_SERIAL,DEFAULT,20,19,PASS,1,0,0,746.496021748,3754.17590141,3758.04805756,750.91201067,4093.63222122,4097.59998322,/root/second_nvidia/ag-gemm-bench/results/stage1_20260903T015055Z/stage1_A_DEFAULT_S2_m2048k1024n2048_q8w0_rep2/rank2.log,0
rank,stage1_A_DEFAULT_S2_m2048k1024n2048_q8w0_rep2,2026-09-03T02:01:21Z,cs-ec021-cfaa2-server,NVIDIA A800-SXM4-80GB,2,2,4,fp32,8192,2048,1024,AllGather-GEMM,8,4194304,NCCL,B1_SLICE_SERIAL,DEFAULT,20,20,PASS,1,0,0,654.847979546,3627.93588638,3632.22408295,659.135997295,3966.04800224,3969.98405457,/root/second_nvidia/ag-gemm-bench/results/stage1_20260903T015055Z/stage1_A_DEFAULT_S2_m2048k1024n2048_q8w0_rep2/rank2.log,0
rank,stage1_A_DEFAULT_S2_m2048k1024n2048_q8w0_rep2,2026-09-03T02:01:21Z,cs-ec021-cfaa2-server,NVIDIA A800-SXM4-80GB,2,2,4,fp32,8192,2048,1024,AllGather-GEMM,8,4194304,NCCL,B1_SLICE_SERIAL,DEFAULT,20,21,PASS,1,0,0,470.495998859,3496.22392654,3500.15997887,474.783986807,3835.64805984,3839.61606026,/root/second_nvidia/ag-gemm-bench/results/stage1_20260903T015055Z/stage1_A_DEFAULT_S2_m2048k1024n2048_q8w0_rep2/rank2.log,0
rank,stage1_A_DEFAULT_S2_m2048k1024n2048_q8w0_rep2,2026-09-03T02:01:21Z,cs-ec021-cfaa2-server,NVIDIA A800-SXM4-80GB,2,2,4,fp32,8192,2048,1024,AllGather-GEMM,8,4194304,NCCL,B1_SLICE_SERIAL,DEFAULT,20,22,PASS,1,0,0,726.495981216,3744.86398697,3748.80003929,730.783998966,4082.11183548,4086.08007431,/root/second_nvidia/ag-gemm-bench/results/stage1_20260903T015055Z/stage1_A_DEFAULT_S2_m2048k1024n2048_q8w0_rep2/rank2.log,0
rank,stage1_A_DEFAULT_S2_m2048k1024n2048_q8w0_rep2,2026-09-03T02:01:21Z,cs-ec021-cfaa2-server,NVIDIA A800-SXM4-80GB,2,2,4,fp32,8192,2048,1024,AllGather-GEMM,8,4194304,NCCL,B1_SLICE_SERIAL,DEFAULT,20,23,PASS,1,0,0,637.75998354,3628.895998,3633.12005997,642.080008984,3967.67997742,3971.64797783,/root/second_nvidia/ag-gemm-bench/results/stage1_20260903T015055Z/stage1_A_DEFAULT_S2_m2048k1024n2048_q8w0_rep2/rank2.log,0
rank,stage1_A_DEFAULT_S2_m2048k1024n2048_q8w0_rep2,2026-09-03T02:01:21Z,cs-ec021-cfaa2-server,NVIDIA A800-SXM4-80GB,2,2,4,fp32,8192,2048,1024,AllGather-GEMM,8,4194304,NCCL,B1_SLICE_SERIAL,DEFAULT,20,24,PASS,1,0,0,715.391993523,3719.19989586,3723.13594818,719.680011272,4056.32019043,4060.25600433,/root/second_nvidia/ag-gemm-bench/results/stage1_20260903T015055Z/stage1_A_DEFAULT_S2_m2048k1024n2048_q8w0_rep2/rank2.log,0
rank,stage1_A_DEFAULT_S2_m2048k1024n2048_q8w0_rep2,2026-09-03T02:01:21Z,cs-ec021-cfaa2-server,NVIDIA A800-SXM4-80GB,2,2,4,fp32,8192,2048,1024,AllGather-GEMM,8,4194304,NCCL,B1_SLICE_SERIAL,DEFAULT,20,25,PASS,1,0,0,693.759977818,3692.09599495,3696.06399536,698.080003262,4031.23188019,4035.20011902,/root/second_nvidia/ag-gemm-bench/results/stage1_20260903T015055Z/stage1_A_DEFAULT_S2_m2048k1024n2048_q8w0_rep2/rank2.log,0
rank,stage1_A_DEFAULT_S2_m2048k1024n2048_q8w0_rep2,2026-09-03T02:01:21Z,cs-ec021-cfaa2-server,NVIDIA A800-SXM4-80GB,2,2,4,fp32,8192,2048,1024,AllGather-GEMM,8,4194304,NCCL,B1_SLICE_SERIAL,DEFAULT,20,26,PASS,1,0,0,651.167988777,3628.99208069,3632.92789459,655.488014221,3966.33601189,3970.27206421,/root/second_nvidia/ag-gemm-bench/results/stage1_20260903T015055Z/stage1_A_DEFAULT_S2_m2048k1024n2048_q8w0_rep2/rank2.log,0
rank,stage1_A_DEFAULT_S2_m2048k1024n2048_q8w0_rep2,2026-09-03T02:01:21Z,cs-ec021-cfaa2-server,NVIDIA A800-SXM4-80GB,2,2,4,fp32,8192,2048,1024,AllGather-GEMM,8,4194304,NCCL,B1_SLICE_SERIAL,DEFAULT,20,27,PASS,1,0,0,464.127987623,3501.88803673,3505.82408905,468.416005373,3841.56799316,3845.50404549,/root/second_nvidia/ag-gemm-bench/results/stage1_20260903T015055Z/stage1_A_DEFAULT_S2_m2048k1024n2048_q8w0_rep2/rank2.log,0
rank,stage1_A_DEFAULT_S2_m2048k1024n2048_q8w0_rep2,2026-09-03T02:01:21Z,cs-ec021-cfaa2-server,NVIDIA A800-SXM4-80GB,2,2,4,fp32,8192,2048,1024,AllGather-GEMM,8,4194304,NCCL,B1_SLICE_SERIAL,DEFAULT,20,28,PASS,1,0,0,697.055995464,3704.03194427,3708.22405815,701.568007469,4041.72801971,4045.69578171,/root/second_nvidia/ag-gemm-bench/results/stage1_20260903T015055Z/stage1_A_DEFAULT_S2_m2048k1024n2048_q8w0_rep2/rank2.log,0
rank,stage1_A_DEFAULT_S2_m2048k1024n2048_q8w0_rep2,2026-09-03T02:01:21Z,cs-ec021-cfaa2-server,NVIDIA A800-SXM4-80GB,2,2,4,fp32,8192,2048,1024,AllGather-GEMM,8,4194304,NCCL,B1_SLICE_SERIAL,DEFAULT,20,29,PASS,1,0,0,561.375975609,3552.44803429,3556.38408661,565.663993359,3891.04008675,3895.00808716,/root/second_nvidia/ag-gemm-bench/results/stage1_20260903T015055Z/stage1_A_DEFAULT_S2_m2048k1024n2048_q8w0_rep2/rank2.log,0
rank,stage1_A_DEFAULT_S2_m2048k1024n2048_q8w0_rep2,2026-09-03T02:01:22Z,cs-ec021-cfaa2-server,NVIDIA A800-SXM4-80GB,2,2,4,fp32,8192,2048,1024,AllGather-GEMM,8,4194304,NCCL,B1_SLICE_SERIAL,DEFAULT,20,30,PASS,1,0,0,840.672016144,3837.50391006,3841.43996239,845.152020454,4175.07219315,4179.39186096,/root/second_nvidia/ag-gemm-bench/results/stage1_20260903T015055Z/stage1_A_DEFAULT_S2_m2048k1024n2048_q8w0_rep2/rank2.log,0
rank,stage1_A_DEFAULT_S2_m2048k1024n2048_q8w0_rep2,2026-09-03T02:01:22Z,cs-ec021-cfaa2-server,NVIDIA A800-SXM4-80GB,2,2,4,fp32,8192,2048,1024,AllGather-GEMM,8,4194304,NCCL,B1_SLICE_SERIAL,DEFAULT,20,31,PASS,1,0,0,720.736026764,3748.67200851,3752.60806084,725.055992603,4086.94410324,4090.87991714,/root/second_nvidia/ag-gemm-bench/results/stage1_20260903T015055Z/stage1_A_DEFAULT_S2_m2048k1024n2048_q8w0_rep2/rank2.log,0
rank,stage1_A_DEFAULT_S2_m2048k1024n2048_q8w0_rep2,2026-09-03T02:01:22Z,cs-ec021-cfaa2-server,NVIDIA A800-SXM4-80GB,2,2,4,fp32,8192,2048,1024,AllGather-GEMM,8,4194304,NCCL,B1_SLICE_SERIAL,DEFAULT,20,32,PASS,1,0,0,1057.85596371,4068.60780716,4072.5440979,1062.08002567,4406.3038826,4410.24017334,/root/second_nvidia/ag-gemm-bench/results/stage1_20260903T015055Z/stage1_A_DEFAULT_S2_m2048k1024n2048_q8w0_rep2/rank2.log,0
rank,stage1_A_DEFAULT_S2_m2048k1024n2048_q8w0_rep2,2026-09-03T02:01:22Z,cs-ec021-cfaa2-server,NVIDIA A800-SXM4-80GB,2,2,4,fp32,8192,2048,1024,AllGather-GEMM,8,4194304,NCCL,B1_SLICE_SERIAL,DEFAULT,20,33,PASS,1,0,0,481.119990349,3488.03210258,3492.09594727,485.439985991,3826.91192627,3830.87992668,/root/second_nvidia/ag-gemm-bench/results/stage1_20260903T015055Z/stage1_A_DEFAULT_S2_m2048k1024n2048_q8w0_rep2/rank2.log,0
rank,stage1_A_DEFAULT_S2_m2048k1024n2048_q8w0_rep2,2026-09-03T02:01:22Z,cs-ec021-cfaa2-server,NVIDIA A800-SXM4-80GB,2,2,4,fp32,8192,2048,1024,AllGather-GEMM,8,4194304,NCCL,B1_SLICE_SERIAL,DEFAULT,20,34,PASS,1,0,0,678.623974323,3677.08802223,3681.18405342,682.911992073,4015.13576508,4019.39201355,/root/second_nvidia/ag-gemm-bench/results/stage1_20260903T015055Z/stage1_A_DEFAULT_S2_m2048k1024n2048_q8w0_rep2/rank2.log,0
rank,stage1_A_DEFAULT_S2_m2048k1024n2048_q8w0_rep2,2026-09-03T02:01:22Z,cs-ec021-cfaa2-server,NVIDIA A800-SXM4-80GB,2,2,4,fp32,8192,2048,1024,AllGather-GEMM,8,4194304,NCCL,B1_SLICE_SERIAL,DEFAULT,20,35,PASS,1,0,0,658.559978008,3677.69598961,3681.63204193,662.78398037,4017.0879364,4021.08812332,/root/second_nvidia/ag-gemm-bench/results/stage1_20260903T015055Z/stage1_A_DEFAULT_S2_m2048k1024n2048_q8w0_rep2/rank2.log,0
rank,stage1_A_DEFAULT_S2_m2048k1024n2048_q8w0_rep2,2026-09-03T02:01:22Z,cs-ec021-cfaa2-server,NVIDIA A800-SXM4-80GB,2,2,4,fp32,8192,2048,1024,AllGather-GEMM,8,4194304,NCCL,B1_SLICE_SERIAL,DEFAULT,20,36,PASS,1,0,0,716.86398983,3753.21602821,3757.3120594,721.535980701,4091.04013443,4094.97594833,/root/second_nvidia/ag-gemm-bench/results/stage1_20260903T015055Z/stage1_A_DEFAULT_S2_m2048k1024n2048_q8w0_rep2/rank2.log,0
rank,stage1_A_DEFAULT_S2_m2048k1024n2048_q8w0_rep2,2026-09-03T02:01:22Z,cs-ec021-cfaa2-server,NVIDIA A800-SXM4-80GB,2,2,4,fp32,8192,2048,1024,AllGather-GEMM,8,4194304,NCCL,B1_SLICE_SERIAL,DEFAULT,20,37,PASS,1,0,0,589.183986187,3602.36811638,3606.30393028,593.472003937,3940.83189964,3944.79990005,/root/second_nvidia/ag-gemm-bench/results/stage1_20260903T015055Z/stage1_A_DEFAULT_S2_m2048k1024n2048_q8w0_rep2/rank2.log,0
rank,stage1_A_DEFAULT_S2_m2048k1024n2048_q8w0_rep2,2026-09-03T02:01:22Z,cs-ec021-cfaa2-server,NVIDIA A800-SXM4-80GB,2,2,4,fp32,8192,2048,1024,AllGather-GEMM,8,4194304,NCCL,B1_SLICE_SERIAL,DEFAULT,20,38,PASS,1,0,0,563.296020031,3576.41601562,3580.38401604,567.839980125,3913.98406029,3917.92011261,/root/second_nvidia/ag-gemm-bench/results/stage1_20260903T015055Z/stage1_A_DEFAULT_S2_m2048k1024n2048_q8w0_rep2/rank2.log,0
rank,stage1_A_DEFAULT_S2_m2048k1024n2048_q8w0_rep2,2026-09-03T02:01:22Z,cs-ec021-cfaa2-server,NVIDIA A800-SXM4-80GB,2,2,4,fp32,8192,2048,1024,AllGather-GEMM,8,4194304,NCCL,B1_SLICE_SERIAL,DEFAULT,20,39,PASS,1,0,0,640.703976154,3675.00805855,3678.91192436,645.40797472,4013.6961937,4017.6320076,/root/second_nvidia/ag-gemm-bench/results/stage1_20260903T015055Z/stage1_A_DEFAULT_S2_m2048k1024n2048_q8w0_rep2/rank2.log,0
rank,stage1_A_DEFAULT_S2_m2048k1024n2048_q8w0_rep2,2026-09-03T02:01:23Z,cs-ec021-cfaa2-server,NVIDIA A800-SXM4-80GB,2,2,4,fp32,8192,2048,1024,AllGather-GEMM,8,4194304,NCCL,B1_SLICE_SERIAL,DEFAULT,20,40,PASS,1,0,0,716.319978237,3765.3439045,3769.24800873,720.767974854,4102.33592987,4106.3041687,/root/second_nvidia/ag-gemm-bench/results/stage1_20260903T015055Z/stage1_A_DEFAULT_S2_m2048k1024n2048_q8w0_rep2/rank2.log,0
rank,stage1_A_DEFAULT_S2_m2048k1024n2048_q8w0_rep2,2026-09-03T02:01:23Z,cs-ec021-cfaa2-server,NVIDIA A800-SXM4-80GB,2,2,4,fp32,8192,2048,1024,AllGather-GEMM,8,4194304,NCCL,B1_SLICE_SERIAL,DEFAULT,20,41,PASS,1,0,0,627.488017082,3635.83993912,3639.77599144,631.775975227,3975.16798973,3979.13599014,/root/second_nvidia/ag-gemm-bench/results/stage1_20260903T015055Z/stage1_A_DEFAULT_S2_m2048k1024n2048_q8w0_rep2/rank2.log,0
rank,stage1_A_DEFAULT_S2_m2048k1024n2048_q8w0_rep2,2026-09-03T02:01:23Z,cs-ec021-cfaa2-server,NVIDIA A800-SXM4-80GB,2,2,4,fp32,8192,2048,1024,AllGather-GEMM,8,4194304,NCCL,B1_SLICE_SERIAL,DEFAULT,20,42,PASS,1,0,0,617.151975632,3635.39195061,3639.26410675,621.439993382,3972.86391258,3976.7999649,/root/second_nvidia/ag-gemm-bench/results/stage1_20260903T015055Z/stage1_A_DEFAULT_S2_m2048k1024n2048_q8w0_rep2/rank2.log,0
rank,stage1_A_DEFAULT_S2_m2048k1024n2048_q8w0_rep2,2026-09-03T02:01:23Z,cs-ec021-cfaa2-server,NVIDIA A800-SXM4-80GB,2,2,4,fp32,8192,2048,1024,AllGather-GEMM,8,4194304,NCCL,B1_SLICE_SERIAL,DEFAULT,20,43,PASS,1,0,0,707.840025425,3718.33610535,3722.17607498,712.159991264,4057.08789825,4061.05613708,/root/second_nvidia/ag-gemm-bench/results/stage1_20260903T015055Z/stage1_A_DEFAULT_S2_m2048k1024n2048_q8w0_rep2/rank2.log,0
rank,stage1_A_DEFAULT_S2_m2048k1024n2048_q8w0_rep2,2026-09-03T02:01:23Z,cs-ec021-cfaa2-server,NVIDIA A800-SXM4-80GB,2,2,4,fp32,8192,2048,1024,AllGather-GEMM,8,4194304,NCCL,B1_SLICE_SERIAL,DEFAULT,20,44,PASS,1,0,0,781.503975391,3834.43188667,3838.367939,786.015987396,4171.99993134,4175.93622208,/root/second_nvidia/ag-gemm-bench/results/stage1_20260903T015055Z/stage1_A_DEFAULT_S2_m2048k1024n2048_q8w0_rep2/rank2.log,0
rank,stage1_A_DEFAULT_S2_m2048k1024n2048_q8w0_rep2,2026-09-03T02:01:23Z,cs-ec021-cfaa2-server,NVIDIA A800-SXM4-80GB,2,2,4,fp32,8192,2048,1024,AllGather-GEMM,8,4194304,NCCL,B1_SLICE_SERIAL,DEFAULT,20,45,PASS,1,0,0,758.400022984,3793.47205162,3797.40810394,762.880027294,4132.83205032,4136.76786423,/root/second_nvidia/ag-gemm-bench/results/stage1_20260903T015055Z/stage1_A_DEFAULT_S2_m2048k1024n2048_q8w0_rep2/rank2.log,0
rank,stage1_A_DEFAULT_S2_m2048k1024n2048_q8w0_rep2,2026-09-03T02:01:23Z,cs-ec021-cfaa2-server,NVIDIA A800-SXM4-80GB,2,2,4,fp32,8192,2048,1024,AllGather-GEMM,8,4194304,NCCL,B1_SLICE_SERIAL,DEFAULT,20,46,PASS,1,0,0,774.879992008,3788.80000114,3792.73605347,779.359996319,4125.72813034,4129.69589233,/root/second_nvidia/ag-gemm-bench/results/stage1_20260903T015055Z/stage1_A_DEFAULT_S2_m2048k1024n2048_q8w0_rep2/rank2.log,0
rank,stage1_A_DEFAULT_S2_m2048k1024n2048_q8w0_rep2,2026-09-03T02:01:23Z,cs-ec021-cfaa2-server,NVIDIA A800-SXM4-80GB,2,2,4,fp32,8192,2048,1024,AllGather-GEMM,8,4194304,NCCL,B1_SLICE_SERIAL,DEFAULT,20,47,PASS,1,0,0,684.736013412,3686.71989441,3690.65594673,689.279973507,4025.7601738,4029.6959877,/root/second_nvidia/ag-gemm-bench/results/stage1_20260903T015055Z/stage1_A_DEFAULT_S2_m2048k1024n2048_q8w0_rep2/rank2.log,0
rank,stage1_A_DEFAULT_S2_m2048k1024n2048_q8w0_rep2,2026-09-03T02:01:23Z,cs-ec021-cfaa2-server,NVIDIA A800-SXM4-80GB,2,2,4,fp32,8192,2048,1024,AllGather-GEMM,8,4194304,NCCL,B1_SLICE_SERIAL,DEFAULT,20,48,PASS,1,0,0,868.991971016,3913.31195831,3917.24801064,873.31199646,4250.65612793,4254.59194183,/root/second_nvidia/ag-gemm-bench/results/stage1_20260903T015055Z/stage1_A_DEFAULT_S2_m2048k1024n2048_q8w0_rep2/rank2.log,0
rank,stage1_A_DEFAULT_S2_m2048k1024n2048_q8w0_rep2,2026-09-03T02:01:23Z,cs-ec021-cfaa2-server,NVIDIA A800-SXM4-80GB,2,2,4,fp32,8192,2048,1024,AllGather-GEMM,8,4194304,NCCL,B1_SLICE_SERIAL,DEFAULT,20,49,PASS,1,0,0,698.880016804,3727.99992561,3731.83989525,703.296005726,4066.59221649,4070.55997849,/root/second_nvidia/ag-gemm-bench/results/stage1_20260903T015055Z/stage1_A_DEFAULT_S2_m2048k1024n2048_q8w0_rep2/rank2.log,0
rank,stage1_A_DEFAULT_S2_m2048k1024n2048_q8w0_rep2,2026-09-03T02:01:23Z,cs-ec021-cfaa2-server,NVIDIA A800-SXM4-80GB,2,2,4,fp32,8192,2048,1024,AllGather-GEMM,8,4194304,NCCL,B2_SLICE_EVENT_OVERLAP,DEFAULT,20,0,PASS,1,0,0,151.135995984,2344.48003769,2348.54388237,157.248005271,2968.96004677,2972.92804718,/root/second_nvidia/ag-gemm-bench/results/stage1_20260903T015055Z/stage1_A_DEFAULT_S2_m2048k1024n2048_q8w0_rep2/rank2.log,0
rank,stage1_A_DEFAULT_S2_m2048k1024n2048_q8w0_rep2,2026-09-03T02:01:24Z,cs-ec021-cfaa2-server,NVIDIA A800-SXM4-80GB,2,2,4,fp32,8192,2048,1024,AllGather-GEMM,8,4194304,NCCL,B2_SLICE_EVENT_OVERLAP,DEFAULT,20,1,PASS,1,0,0,556.288003922,2777.4720192,2782.30404854,562.336027622,3401.3440609,3405.21597862,/root/second_nvidia/ag-gemm-bench/results/stage1_20260903T015055Z/stage1_A_DEFAULT_S2_m2048k1024n2048_q8w0_rep2/rank2.log,0
rank,stage1_A_DEFAULT_S2_m2048k1024n2048_q8w0_rep2,2026-09-03T02:01:24Z,cs-ec021-cfaa2-server,NVIDIA A800-SXM4-80GB,2,2,4,fp32,8192,2048,1024,AllGather-GEMM,8,4194304,NCCL,B2_SLICE_EVENT_OVERLAP,DEFAULT,20,2,PASS,1,0,0,566.688001156,2787.51993179,2791.39208794,572.511970997,3424.92794991,3428.83205414,/root/second_nvidia/ag-gemm-bench/results/stage1_20260903T015055Z/stage1_A_DEFAULT_S2_m2048k1024n2048_q8w0_rep2/rank2.log,0
rank,stage1_A_DEFAULT_S2_m2048k1024n2048_q8w0_rep2,2026-09-03T02:01:24Z,cs-ec021-cfaa2-server,NVIDIA A800-SXM4-80GB,2,2,4,fp32,8192,2048,1024,AllGather-GEMM,8,4194304,NCCL,B2_SLICE_EVENT_OVERLAP,DEFAULT,20,3,PASS,1,0,0,666.079998016,2886.17610931,2890.14410973,672.415971756,3510.01596451,3513.95201683,/root/second_nvidia/ag-gemm-bench/results/stage1_20260903T015055Z/stage1_A_DEFAULT_S2_m2048k1024n2048_q8w0_rep2/rank2.log,0
rank,stage1_A_DEFAULT_S2_m2048k1024n2048_q8w0_rep2,2026-09-03T02:01:24Z,cs-ec021-cfaa2-server,NVIDIA A800-SXM4-80GB,2,2,4,fp32,8192,2048,1024,AllGather-GEMM,8,4194304,NCCL,B2_SLICE_EVENT_OVERLAP,DEFAULT,20,4,PASS,1,0,0,1215.64805508,3412.48011589,3416.41592979,1222.11205959,4035.35985947,4039.3280983,/root/second_nvidia/ag-gemm-bench/results/stage1_20260903T015055Z/stage1_A_DEFAULT_S2_m2048k1024n2048_q8w0_rep2/rank2.log,0
rank,stage1_A_DEFAULT_S2_m2048k1024n2048_q8w0_rep2,2026-09-03T02:01:24Z,cs-ec021-cfaa2-server,NVIDIA A800-SXM4-80GB,2,2,4,fp32,8192,2048,1024,AllGather-GEMM,8,4194304,NCCL,B2_SLICE_EVENT_OVERLAP,DEFAULT,20,5,PASS,1,0,0,862.655997276,3070.75190544,3074.71990585,868.511974812,3694.56005096,3698.52805138,/root/second_nvidia/ag-gemm-bench/results/stage1_20260903T015055Z/stage1_A_DEFAULT_S2_m2048k1024n2048_q8w0_rep2/rank2.log,0
rank,stage1_A_DEFAULT_S2_m2048k1024n2048_q8w0_rep2,2026-09-03T02:01:24Z,cs-ec021-cfaa2-server,NVIDIA A800-SXM4-80GB,2,2,4,fp32,8192,2048,1024,AllGather-GEMM,8,4194304,NCCL,B2_SLICE_EVENT_OVERLAP,DEFAULT,20,6,PASS,1,0,0,471.615999937,2710.84809303,2714.78390694,477.824002504,3333.8561058,3337.82410622,/root/second_nvidia/ag-gemm-bench/results/stage1_20260903T015055Z/stage1_A_DEFAULT_S2_m2048k1024n2048_q8w0_rep2/rank2.log,0
rank,stage1_A_DEFAULT_S2_m2048k1024n2048_q8w0_rep2,2026-09-03T02:01:24Z,cs-ec021-cfaa2-server,NVIDIA A800-SXM4-80GB,2,2,4,fp32,8192,2048,1024,AllGather-GEMM,8,4194304,NCCL,B2_SLICE_EVENT_OVERLAP,DEFAULT,20,7,PASS,1,0,0,671.935975552,2889.91999626,2893.85604858,677.85602808,3524.64008331,3528.60808372,/root/second_nvidia/ag-gemm-bench/results/stage1_20260903T015055Z/stage1_A_DEFAULT_S2_m2048k1024n2048_q8w0_rep2/rank2.log,0
rank,stage1_A_DEFAULT_S2_m2048k1024n2048_q8w0_rep2,2026-09-03T02:01:24Z,cs-ec021-cfaa2-server,NVIDIA A800-SXM4-80GB,2,2,4,fp32,8192,2048,1024,AllGather-GEMM,8,4194304,NCCL,B2_SLICE_EVENT_OVERLAP,DEFAULT,20,8,PASS,1,0,0,685.984015465,2901.08799934,2905.11989594,691.872000694,3526.33595467,3530.27200699,/root/second_nvidia/ag-gemm-bench/results/stage1_20260903T015055Z/stage1_A_DEFAULT_S2_m2048k1024n2048_q8w0_rep2/rank2.log,0
rank,stage1_A_DEFAULT_S2_m2048k1024n2048_q8w0_rep2,2026-09-03T02:01:24Z,cs-ec021-cfaa2-server,NVIDIA A800-SXM4-80GB,2,2,4,fp32,8192,2048,1024,AllGather-GEMM,8,4194304,NCCL,B2_SLICE_EVENT_OVERLAP,DEFAULT,20,9,PASS,1,0,0,775.776028633,2961.63201332,2965.56806564,781.599998474,3598.59204292,3602.56004333,/root/second_nvidia/ag-gemm-bench/results/stage1_20260903T015055Z/stage1_A_DEFAULT_S2_m2048k1024n2048_q8w0_rep2/rank2.log,0
rank,stage1_A_DEFAULT_S2_m2048k1024n2048_q8w0_rep2,2026-09-03T02:01:24Z,cs-ec021-cfaa2-server,NVIDIA A800-SXM4-80GB,2,2,4,fp32,8192,2048,1024,AllGather-GEMM,8,4194304,NCCL,B2_SLICE_EVENT_OVERLAP,DEFAULT,20,10,PASS,1,0,0,756.160020828,2967.36001968,2971.29607201,761.983990669,3590.97599983,3594.84791756,/root/second_nvidia/ag-gemm-bench/results/stage1_20260903T015055Z/stage1_A_DEFAULT_S2_m2048k1024n2048_q8w0_rep2/rank2.log,0
rank,stage1_A_DEFAULT_S2_m2048k1024n2048_q8w0_rep2,2026-09-03T02:01:25Z,cs-ec021-cfaa2-server,NVIDIA A800-SXM4-80GB,2,2,4,fp32,8192,2048,1024,AllGather-GEMM,8,4194304,NCCL,B2_SLICE_EVENT_OVERLAP,DEFAULT,20,11,PASS,1,0,0,729.759991169,2939.74399567,2943.84002686,735.55201292,3562.94393539,3566.91193581,/root/second_nvidia/ag-gemm-bench/results/stage1_20260903T015055Z/stage1_A_DEFAULT_S2_m2048k1024n2048_q8w0_rep2/rank2.log,0
rank,stage1_A_DEFAULT_S2_m2048k1024n2048_q8w0_rep2,2026-09-03T02:01:25Z,cs-ec021-cfaa2-server,NVIDIA A800-SXM4-80GB,2,2,4,fp32,8192,2048,1024,AllGather-GEMM,8,4194304,NCCL,B2_SLICE_EVENT_OVERLAP,DEFAULT,20,12,PASS,1,0,0,426.176011562,2641.59989357,2645.60008049,432.000011206,3266.68810844,3270.65610886,/root/second_nvidia/ag-gemm-bench/results/stage1_20260903T015055Z/stage1_A_DEFAULT_S2_m2048k1024n2048_q8w0_rep2/rank2.log,0
rank,stage1_A_DEFAULT_S2_m2048k1024n2048_q8w0_rep2,2026-09-03T02:01:25Z,cs-ec021-cfaa2-server,NVIDIA A800-SXM4-80GB,2,2,4,fp32,8192,2048,1024,AllGather-GEMM,8,4194304,NCCL,B2_SLICE_EVENT_OVERLAP,DEFAULT,20,13,PASS,1,0,0,726.080000401,2907.00793266,2910.94398499,731.872022152,3531.58402443,3535.52007675,/root/second_nvidia/ag-gemm-bench/results/stage1_20260903T015055Z/stage1_A_DEFAULT_S2_m2048k1024n2048_q8w0_rep2/rank2.log,0
rank,stage1_A_DEFAULT_S2_m2048k1024n2048_q8w0_rep2,2026-09-03T02:01:25Z,cs-ec021-cfaa2-server,NVIDIA A800-SXM4-80GB,2,2,4,fp32,8192,2048,1024,AllGather-GEMM,8,4194304,NCCL,B2_SLICE_EVENT_OVERLAP,DEFAULT,20,14,PASS,1,0,0,581.247985363,2803.71189117,2807.6479435,587.135970592,3427.26397514,3431.23197556,/root/second_nvidia/ag-gemm-bench/results/stage1_20260903T015055Z/stage1_A_DEFAULT_S2_m2048k1024n2048_q8w0_rep2/rank2.log,0
rank,stage1_A_DEFAULT_S2_m2048k1024n2048_q8w0_rep2,2026-09-03T02:01:25Z,cs-ec021-cfaa2-server,NVIDIA A800-SXM4-80GB,2,2,4,fp32,8192,2048,1024,AllGather-GEMM,8,4194304,NCCL,B2_SLICE_EVENT_OVERLAP,DEFAULT,20,15,PASS,1,0,0,778.496026993,3006.23989105,3010.36810875,784.319996834,3630.81598282,3634.78398323,/root/second_nvidia/ag-gemm-bench/results/stage1_20260903T015055Z/stage1_A_DEFAULT_S2_m2048k1024n2048_q8w0_rep2/rank2.log,0
rank,stage1_A_DEFAULT_S2_m2048k1024n2048_q8w0_rep2,2026-09-03T02:01:25Z,cs-ec021-cfaa2-server,NVIDIA A800-SXM4-80GB,2,2,4,fp32,8192,2048,1024,AllGather-GEMM,8,4194304,NCCL,B2_SLICE_EVENT_OVERLAP,DEFAULT,20,16,PASS,1,0,0,579.519987106,2807.93595314,2811.84005737,585.376024246,3432.73591995,3436.70392036,/root/second_nvidia/ag-gemm-bench/results/stage1_20260903T015055Z/stage1_A_DEFAULT_S2_m2048k1024n2048_q8w0_rep2/rank2.log,0
rank,stage1_A_DEFAULT_S2_m2048k1024n2048_q8w0_rep2,2026-09-03T02:01:25Z,cs-ec021-cfaa2-server,NVIDIA A800-SXM4-80GB,2,2,4,fp32,8192,2048,1024,AllGather-GEMM,8,4194304,NCCL,B2_SLICE_EVENT_OVERLAP,DEFAULT,20,17,PASS,1,0,0,4776.00002289,6968.83201599,6972.7678299,4781.9519043,7592.192173,7596.12798691,/root/second_nvidia/ag-gemm-bench/results/stage1_20260903T015055Z/stage1_A_DEFAULT_S2_m2048k1024n2048_q8w0_rep2/rank2.log,0
rank,stage1_A_DEFAULT_S2_m2048k1024n2048_q8w0_rep2,2026-09-03T02:01:25Z,cs-ec021-cfaa2-server,NVIDIA A800-SXM4-80GB,2,2,4,fp32,8192,2048,1024,AllGather-GEMM,8,4194304,NCCL,B2_SLICE_EVENT_OVERLAP,DEFAULT,20,18,PASS,1,0,0,3624.38392639,5805.21583557,5809.37576294,3630.27191162,6429.27980423,6433.21609497,/root/second_nvidia/ag-gemm-bench/results/stage1_20260903T015055Z/stage1_A_DEFAULT_S2_m2048k1024n2048_q8w0_rep2/rank2.log,0
rank,stage1_A_DEFAULT_S2_m2048k1024n2048_q8w0_rep2,2026-09-03T02:01:25Z,cs-ec021-cfaa2-server,NVIDIA A800-SXM4-80GB,2,2,4,fp32,8192,2048,1024,AllGather-GEMM,8,4194304,NCCL,B2_SLICE_EVENT_OVERLAP,DEFAULT,20,19,PASS,1,0,0,454.144001007,2676.7039299,2680.63998222,460.000008345,3300.41599274,3304.38399315,/root/second_nvidia/ag-gemm-bench/results/stage1_20260903T015055Z/stage1_A_DEFAULT_S2_m2048k1024n2048_q8w0_rep2/rank2.log,0
rank,stage1_A_DEFAULT_S2_m2048k1024n2048_q8w0_rep2,2026-09-03T02:01:25Z,cs-ec021-cfaa2-server,NVIDIA A800-SXM4-80GB,2,2,4,fp32,8192,2048,1024,AllGather-GEMM,8,4194304,NCCL,B2_SLICE_EVENT_OVERLAP,DEFAULT,20,20,PASS,1,0,0,563.008010387,2781.82411194,2785.79211235,568.863987923,3406.78405762,3410.75205803,/root/second_nvidia/ag-gemm-bench/results/stage1_20260903T015055Z/stage1_A_DEFAULT_S2_m2048k1024n2048_q8w0_rep2/rank2.log,0
rank,stage1_A_DEFAULT_S2_m2048k1024n2048_q8w0_rep2,2026-09-03T02:01:26Z,cs-ec021-cfaa2-server,NVIDIA A800-SXM4-80GB,2,2,4,fp32,8192,2048,1024,AllGather-GEMM,8,4194304,NCCL,B2_SLICE_EVENT_OVERLAP,DEFAULT,20,21,PASS,1,0,0,778.208017349,2986.65595055,2990.59200287,784.03198719,3611.29593849,3615.2639389,/root/second_nvidia/ag-gemm-bench/results/stage1_20260903T015055Z/stage1_A_DEFAULT_S2_m2048k1024n2048_q8w0_rep2/rank2.log,0
rank,stage1_A_DEFAULT_S2_m2048k1024n2048_q8w0_rep2,2026-09-03T02:01:26Z,cs-ec021-cfaa2-server,NVIDIA A800-SXM4-80GB,2,2,4,fp32,8192,2048,1024,AllGather-GEMM,8,4194304,NCCL,B2_SLICE_EVENT_OVERLAP,DEFAULT,20,22,PASS,1,0,0,572.511970997,2801.24807358,2806.17594719,578.400015831,3426.07998848,3430.04798889,/root/second_nvidia/ag-gemm-bench/results/stage1_20260903T015055Z/stage1_A_DEFAULT_S2_m2048k1024n2048_q8w0_rep2/rank2.log,0
rank,stage1_A_DEFAULT_S2_m2048k1024n2048_q8w0_rep2,2026-09-03T02:01:26Z,cs-ec021-cfaa2-server,NVIDIA A800-SXM4-80GB,2,2,4,fp32,8192,2048,1024,AllGather-GEMM,8,4194304,NCCL,B2_SLICE_EVENT_OVERLAP,DEFAULT,20,23,PASS,1,0,0,543.807983398,2780.54404259,2785.34388542,549.632012844,3405.44009209,3409.4080925,/root/second_nvidia/ag-gemm-bench/results/stage1_20260903T015055Z/stage1_A_DEFAULT_S2_m2048k1024n2048_q8w0_rep2/rank2.log,0
rank,stage1_A_DEFAULT_S2_m2048k1024n2048_q8w0_rep2,2026-09-03T02:01:26Z,cs-ec021-cfaa2-server,NVIDIA A800-SXM4-80GB,2,2,4,fp32,8192,2048,1024,AllGather-GEMM,8,4194304,NCCL,B2_SLICE_EVENT_OVERLAP,DEFAULT,20,24,PASS,1,0,0,703.711986542,2927.68001556,2931.61606789,709.568023682,3550.17590523,3554.14390564,/root/second_nvidia/ag-gemm-bench/results/stage1_20260903T015055Z/stage1_A_DEFAULT_S2_m2048k1024n2048_q8w0_rep2/rank2.log,0
rank,stage1_A_DEFAULT_S2_m2048k1024n2048_q8w0_rep2,2026-09-03T02:01:26Z,cs-ec021-cfaa2-server,NVIDIA A800-SXM4-80GB,2,2,4,fp32,8192,2048,1024,AllGather-GEMM,8,4194304,NCCL,B2_SLICE_EVENT_OVERLAP,DEFAULT,20,25,PASS,1,0,0,708.607971668,2956.09593391,2960.03198624,714.496016502,3578.78398895,3582.72004128,/root/second_nvidia/ag-gemm-bench/results/stage1_20260903T015055Z/stage1_A_DEFAULT_S2_m2048k1024n2048_q8w0_rep2/rank2.log,0
rank,stage1_A_DEFAULT_S2_m2048k1024n2048_q8w0_rep2,2026-09-03T02:01:26Z,cs-ec021-cfaa2-server,NVIDIA A800-SXM4-80GB,2,2,4,fp32,8192,2048,1024,AllGather-GEMM,8,4194304,NCCL,B2_SLICE_EVENT_OVERLAP,DEFAULT,20,26,PASS,1,0,0,637.727975845,2867.61593819,2871.55199051,643.519997597,3492.51198769,3496.38390541,/root/second_nvidia/ag-gemm-bench/results/stage1_20260903T015055Z/stage1_A_DEFAULT_S2_m2048k1024n2048_q8w0_rep2/rank2.log,0
rank,stage1_A_DEFAULT_S2_m2048k1024n2048_q8w0_rep2,2026-09-03T02:01:26Z,cs-ec021-cfaa2-server,NVIDIA A800-SXM4-80GB,2,2,4,fp32,8192,2048,1024,AllGather-GEMM,8,4194304,NCCL,B2_SLICE_EVENT_OVERLAP,DEFAULT,20,27,PASS,1,0,0,660.51197052,2873.53610992,2877.47192383,666.303992271,3496.92797661,3500.86402893,/root/second_nvidia/ag-gemm-bench/results/stage1_20260903T015055Z/stage1_A_DEFAULT_S2_m2048k1024n2048_q8w0_rep2/rank2.log,0
rank,stage1_A_DEFAULT_S2_m2048k1024n2048_q8w0_rep2,2026-09-03T02:01:26Z,cs-ec021-cfaa2-server,NVIDIA A800-SXM4-80GB,2,2,4,fp32,8192,2048,1024,AllGather-GEMM,8,4194304,NCCL,B2_SLICE_EVENT_OVERLAP,DEFAULT,20,28,PASS,1,0,0,543.168008327,2764.54401016,2768.76807213,548.959970474,3388.63992691,3392.57597923,/root/second_nvidia/ag-gemm-bench/results/stage1_20260903T015055Z/stage1_A_DEFAULT_S2_m2048k1024n2048_q8w0_rep2/rank2.log,0
rank,stage1_A_DEFAULT_S2_m2048k1024n2048_q8w0_rep2,2026-09-03T02:01:26Z,cs-ec021-cfaa2-server,NVIDIA A800-SXM4-80GB,2,2,4,fp32,8192,2048,1024,AllGather-GEMM,8,4194304,NCCL,B2_SLICE_EVENT_OVERLAP,DEFAULT,20,29,PASS,1,0,0,695.039987564,2894.17600632,2898.84805679,700.896024704,3518.52798462,3522.49598503,/root/second_nvidia/ag-gemm-bench/results/stage1_20260903T015055Z/stage1_A_DEFAULT_S2_m2048k1024n2048_q8w0_rep2/rank2.log,0
rank,stage1_A_DEFAULT_S2_m2048k1024n2048_q8w0_rep2,2026-09-03T02:01:26Z,cs-ec021-cfaa2-server,NVIDIA A800-SXM4-80GB,2,2,4,fp32,8192,2048,1024,AllGather-GEMM,8,4194304,NCCL,B2_SLICE_EVENT_OVERLAP,DEFAULT,20,30,PASS,1,0,0,662.495970726,2874.1440773,2878.0798912,668.447971344,3497.40791321,3501.34396553,/root/second_nvidia/ag-gemm-bench/results/stage1_20260903T015055Z/stage1_A_DEFAULT_S2_m2048k1024n2048_q8w0_rep2/rank2.log,0
rank,stage1_A_DEFAULT_S2_m2048k1024n2048_q8w0_rep2,2026-09-03T02:01:27Z,cs-ec021-cfaa2-server,NVIDIA A800-SXM4-80GB,2,2,4,fp32,8192,2048,1024,AllGather-GEMM,8,4194304,NCCL,B2_SLICE_EVENT_OVERLAP,DEFAULT,20,31,PASS,1,0,0,727.328002453,2947.71194458,2951.61604881,733.151972294,3572.22390175,3576.15995407,/root/second_nvidia/ag-gemm-bench/results/stage1_20260903T015055Z/stage1_A_DEFAULT_S2_m2048k1024n2048_q8w0_rep2/rank2.log,0
rank,stage1_A_DEFAULT_S2_m2048k1024n2048_q8w0_rep2,2026-09-03T02:01:27Z,cs-ec021-cfaa2-server,NVIDIA A800-SXM4-80GB,2,2,4,fp32,8192,2048,1024,AllGather-GEMM,8,4194304,NCCL,B2_SLICE_EVENT_OVERLAP,DEFAULT,20,32,PASS,1,0,0,640.031993389,2853.08790207,2857.02395439,645.919978619,3475.71206093,3479.64811325,/root/second_nvidia/ag-gemm-bench/results/stage1_20260903T015055Z/stage1_A_DEFAULT_S2_m2048k1024n2048_q8w0_rep2/rank2.log,0
rank,stage1_A_DEFAULT_S2_m2048k1024n2048_q8w0_rep2,2026-09-03T02:01:27Z,cs-ec021-cfaa2-server,NVIDIA A800-SXM4-80GB,2,2,4,fp32,8192,2048,1024,AllGather-GEMM,8,4194304,NCCL,B2_SLICE_EVENT_OVERLAP,DEFAULT,20,33,PASS,1,0,0,663.743972778,2875.00810623,2878.94392014,669.664025307,3498.84796143,3502.78401375,/root/second_nvidia/ag-gemm-bench/results/stage1_20260903T015055Z/stage1_A_DEFAULT_S2_m2048k1024n2048_q8w0_rep2/rank2.log,0
rank,stage1_A_DEFAULT_S2_m2048k1024n2048_q8w0_rep2,2026-09-03T02:01:27Z,cs-ec021-cfaa2-server,NVIDIA A800-SXM4-80GB,2,2,4,fp32,8192,2048,1024,AllGather-GEMM,8,4194304,NCCL,B2_SLICE_EVENT_OVERLAP,DEFAULT,20,34,PASS,1,0,0,513.984024525,2738.01589012,2741.95194244,519.84000206,3362.87999153,3366.81604385,/root/second_nvidia/ag-gemm-bench/results/stage1_20260903T015055Z/stage1_A_DEFAULT_S2_m2048k1024n2048_q8w0_rep2/rank2.log,0
rank,stage1_A_DEFAULT_S2_m2048k1024n2048_q8w0_rep2,2026-09-03T02:01:27Z,cs-ec021-cfaa2-server,NVIDIA A800-SXM4-80GB,2,2,4,fp32,8192,2048,1024,AllGather-GEMM,8,4194304,NCCL,B2_SLICE_EVENT_OVERLAP,DEFAULT,20,35,PASS,1,0,0,584.415972233,2795.71199417,2799.71194267,590.240001678,3420.19200325,3424.16000366,/root/second_nvidia/ag-gemm-bench/results/stage1_20260903T015055Z/stage1_A_DEFAULT_S2_m2048k1024n2048_q8w0_rep2/rank2.log,0
rank,stage1_A_DEFAULT_S2_m2048k1024n2048_q8w0_rep2,2026-09-03T02:01:27Z,cs-ec021-cfaa2-server,NVIDIA A800-SXM4-80GB,2,2,4,fp32,8192,2048,1024,AllGather-GEMM,8,4194304,NCCL,B2_SLICE_EVENT_OVERLAP,DEFAULT,20,36,PASS,1,0,0,650.080025196,2868.86405945,2872.83205986,655.936002731,3492.22397804,3496.19197845,/root/second_nvidia/ag-gemm-bench/results/stage1_20260903T015055Z/stage1_A_DEFAULT_S2_m2048k1024n2048_q8w0_rep2/rank2.log,0
rank,stage1_A_DEFAULT_S2_m2048k1024n2048_q8w0_rep2,2026-09-03T02:01:27Z,cs-ec021-cfaa2-server,NVIDIA A800-SXM4-80GB,2,2,4,fp32,8192,2048,1024,AllGather-GEMM,8,4194304,NCCL,B2_SLICE_EVENT_OVERLAP,DEFAULT,20,37,PASS,1,0,0,651.359975338,2853.76000404,2857.69605637,657.375991344,3479.03990746,3482.97595978,/root/second_nvidia/ag-gemm-bench/results/stage1_20260903T015055Z/stage1_A_DEFAULT_S2_m2048k1024n2048_q8w0_rep2/rank2.log,0
rank,stage1_A_DEFAULT_S2_m2048k1024n2048_q8w0_rep2,2026-09-03T02:01:27Z,cs-ec021-cfaa2-server,NVIDIA A800-SXM4-80GB,2,2,4,fp32,8192,2048,1024,AllGather-GEMM,8,4194304,NCCL,B2_SLICE_EVENT_OVERLAP,DEFAULT,20,38,PASS,1,0,0,568.960011005,2777.24790573,2781.18395805,574.751973152,3400.89607239,3404.8640728,/root/second_nvidia/ag-gemm-bench/results/stage1_20260903T015055Z/stage1_A_DEFAULT_S2_m2048k1024n2048_q8w0_rep2/rank2.log,0
rank,stage1_A_DEFAULT_S2_m2048k1024n2048_q8w0_rep2,2026-09-03T02:01:27Z,cs-ec021-cfaa2-server,NVIDIA A800-SXM4-80GB,2,2,4,fp32,8192,2048,1024,AllGather-GEMM,8,4194304,NCCL,B2_SLICE_EVENT_OVERLAP,DEFAULT,20,39,PASS,1,0,0,702.560007572,2924.95989799,2929.72803116,708.383977413,3550.33588409,3554.30388451,/root/second_nvidia/ag-gemm-bench/results/stage1_20260903T015055Z/stage1_A_DEFAULT_S2_m2048k1024n2048_q8w0_rep2/rank2.log,0
rank,stage1_A_DEFAULT_S2_m2048k1024n2048_q8w0_rep2,2026-09-03T02:01:27Z,cs-ec021-cfaa2-server,NVIDIA A800-SXM4-80GB,2,2,4,fp32,8192,2048,1024,AllGather-GEMM,8,4194304,NCCL,B2_SLICE_EVENT_OVERLAP,DEFAULT,20,40,PASS,1,0,0,977.567970753,3192.80004501,3197.11995125,983.615994453,3815.99998474,3819.93603706,/root/second_nvidia/ag-gemm-bench/results/stage1_20260903T015055Z/stage1_A_DEFAULT_S2_m2048k1024n2048_q8w0_rep2/rank2.log,0
rank,stage1_A_DEFAULT_S2_m2048k1024n2048_q8w0_rep2,2026-09-03T02:01:27Z,cs-ec021-cfaa2-server,NVIDIA A800-SXM4-80GB,2,2,4,fp32,8192,2048,1024,AllGather-GEMM,8,4194304,NCCL,B2_SLICE_EVENT_OVERLAP,DEFAULT,20,41,PASS,1,0,0,618.080019951,2800.89592934,2804.80003357,624.191999435,3425.37593842,3429.24809456,/root/second_nvidia/ag-gemm-bench/results/stage1_20260903T015055Z/stage1_A_DEFAULT_S2_m2048k1024n2048_q8w0_rep2/rank2.log,0
rank,stage1_A_DEFAULT_S2_m2048k1024n2048_q8w0_rep2,2026-09-03T02:01:28Z,cs-ec021-cfaa2-server,NVIDIA A800-SXM4-80GB,2,2,4,fp32,8192,2048,1024,AllGather-GEMM,8,4194304,NCCL,B2_SLICE_EVENT_OVERLAP,DEFAULT,20,42,PASS,1,0,0,840.672016144,3037.15205193,3041.08810425,846.848011017,3661.24796867,3665.21596909,/root/second_nvidia/ag-gemm-bench/results/stage1_20260903T015055Z/stage1_A_DEFAULT_S2_m2048k1024n2048_q8w0_rep2/rank2.log,0
rank,stage1_A_DEFAULT_S2_m2048k1024n2048_q8w0_rep2,2026-09-03T02:01:28Z,cs-ec021-cfaa2-server,NVIDIA A800-SXM4-80GB,2,2,4,fp32,8192,2048,1024,AllGather-GEMM,8,4194304,NCCL,B2_SLICE_EVENT_OVERLAP,DEFAULT,20,43,PASS,1,0,0,564.191997051,2745.28002739,2749.40800667,569.984018803,3369.08793449,3373.02398682,/root/second_nvidia/ag-gemm-bench/results/stage1_20260903T015055Z/stage1_A_DEFAULT_S2_m2048k1024n2048_q8w0_rep2/rank2.log,0
rank,stage1_A_DEFAULT_S2_m2048k1024n2048_q8w0_rep2,2026-09-03T02:01:28Z,cs-ec021-cfaa2-server,NVIDIA A800-SXM4-80GB,2,2,4,fp32,8192,2048,1024,AllGather-GEMM,8,4194304,NCCL,B2_SLICE_EVENT_OVERLAP,DEFAULT,20,44,PASS,1,0,0,536.575973034,2753.76009941,2757.63201714,542.40000248,3377.6640892,3381.63208961,/root/second_nvidia/ag-gemm-bench/results/stage1_20260903T015055Z/stage1_A_DEFAULT_S2_m2048k1024n2048_q8w0_rep2/rank2.log,0
rank,stage1_A_DEFAULT_S2_m2048k1024n2048_q8w0_rep2,2026-09-03T02:01:28Z,cs-ec021-cfaa2-server,NVIDIA A800-SXM4-80GB,2,2,4,fp32,8192,2048,1024,AllGather-GEMM,8,4194304,NCCL,B2_SLICE_EVENT_OVERLAP,DEFAULT,20,45,PASS,1,0,0,564.351975918,2788.19203377,2792.12808609,570.176005363,3411.99994087,3415.93599319,/root/second_nvidia/ag-gemm-bench/results/stage1_20260903T015055Z/stage1_A_DEFAULT_S2_m2048k1024n2048_q8w0_rep2/rank2.log,0
rank,stage1_A_DEFAULT_S2_m2048k1024n2048_q8w0_rep2,2026-09-03T02:01:28Z,cs-ec021-cfaa2-server,NVIDIA A800-SXM4-80GB,2,2,4,fp32,8192,2048,1024,AllGather-GEMM,8,4194304,NCCL,B2_SLICE_EVENT_OVERLAP,DEFAULT,20,46,PASS,1,0,0,527.136027813,2756.06393814,2760.15996933,532.992005348,3380.671978,3384.63997841,/root/second_nvidia/ag-gemm-bench/results/stage1_20260903T015055Z/stage1_A_DEFAULT_S2_m2048k1024n2048_q8w0_rep2/rank2.log,0
rank,stage1_A_DEFAULT_S2_m2048k1024n2048_q8w0_rep2,2026-09-03T02:01:28Z,cs-ec021-cfaa2-server,NVIDIA A800-SXM4-80GB,2,2,4,fp32,8192,2048,1024,AllGather-GEMM,8,4194304,NCCL,B2_SLICE_EVENT_OVERLAP,DEFAULT,20,47,PASS,1,0,0,560.512006283,2807.13605881,2811.07211113,566.335976124,3432.60788918,3436.57588959,/root/second_nvidia/ag-gemm-bench/results/stage1_20260903T015055Z/stage1_A_DEFAULT_S2_m2048k1024n2048_q8w0_rep2/rank2.log,0
rank,stage1_A_DEFAULT_S2_m2048k1024n2048_q8w0_rep2,2026-09-03T02:01:28Z,cs-ec021-cfaa2-server,NVIDIA A800-SXM4-80GB,2,2,4,fp32,8192,2048,1024,AllGather-GEMM,8,4194304,NCCL,B2_SLICE_EVENT_OVERLAP,DEFAULT,20,48,PASS,1,0,0,743.040025234,2948.06408882,2951.99990273,748.863995075,3571.36011124,3575.29592514,/root/second_nvidia/ag-gemm-bench/results/stage1_20260903T015055Z/stage1_A_DEFAULT_S2_m2048k1024n2048_q8w0_rep2/rank2.log,0
rank,stage1_A_DEFAULT_S2_m2048k1024n2048_q8w0_rep2,2026-09-03T02:01:28Z,cs-ec021-cfaa2-server,NVIDIA A800-SXM4-80GB,2,2,4,fp32,8192,2048,1024,AllGather-GEMM,8,4194304,NCCL,B2_SLICE_EVENT_OVERLAP,DEFAULT,20,49,PASS,1,0,0,663.936018944,2904.03199196,2907.96804428,669.856011868,3525.66409111,3529.59990501,/root/second_nvidia/ag-gemm-bench/results/stage1_20260903T015055Z/stage1_A_DEFAULT_S2_m2048k1024n2048_q8w0_rep2/rank2.log,0
