run_id,rank_count,path,family,candidate,M,N,K,q,slice_index,slice_bytes,iteration_index,t_issue_us,t_release_max_us,t_gemm_start_max_us,t_gemm_end_max_us,t_gemm_duration_max_us,correctness_all_ranks,status
PHASEB_formal_r1_C2_RING_SIMPLE_CH8_N4096_q2_rep2,4,R1_EVENT_OVERLAP,NCCL,C2_RING_SIMPLE_CH8,2048,4096,2048,2,0,8388608,0,0,387.328,393.344,4302.880,3919.648,PASS,0
PHASEB_formal_r1_C2_RING_SIMPLE_CH8_N4096_q2_rep2,4,R1_EVENT_OVERLAP,NCCL,C2_RING_SIMPLE_CH8,2048,4096,2048,2,1,8388608,0,0,687.904,4306.368,8054.912,3752.416,PASS,0
PHASEB_formal_r1_C2_RING_SIMPLE_CH8_N4096_q2_rep2,4,R1_EVENT_OVERLAP,NCCL,C2_RING_SIMPLE_CH8,2048,4096,2048,2,0,8388608,1,0,378.848,385.792,4287.424,3920.032,PASS,0
PHASEB_formal_r1_C2_RING_SIMPLE_CH8_N4096_q2_rep2,4,R1_EVENT_OVERLAP,NCCL,C2_RING_SIMPLE_CH8,2048,4096,2048,2,1,8388608,1,0,677.216,4290.880,8046.656,3755.776,PASS,0
PHASEB_formal_r1_C2_RING_SIMPLE_CH8_N4096_q2_rep2,4,R1_EVENT_OVERLAP,NCCL,C2_RING_SIMPLE_CH8,2048,4096,2048,2,0,8388608,2,0,395.616,401.472,4321.216,3919.744,PASS,0
PHASEB_formal_r1_C2_RING_SIMPLE_CH8_N4096_q2_rep2,4,R1_EVENT_OVERLAP,NCCL,C2_RING_SIMPLE_CH8,2048,4096,2048,2,1,8388608,2,0,685.216,4324.768,8077.152,3752.384,PASS,0
PHASEB_formal_r1_C2_RING_SIMPLE_CH8_N4096_q2_rep2,4,R1_EVENT_OVERLAP,NCCL,C2_RING_SIMPLE_CH8,2048,4096,2048,2,0,8388608,3,0,342.272,349.152,4267.904,3918.976,PASS,0
PHASEB_formal_r1_C2_RING_SIMPLE_CH8_N4096_q2_rep2,4,R1_EVENT_OVERLAP,NCCL,C2_RING_SIMPLE_CH8,2048,4096,2048,2,1,8388608,3,0,634.816,4271.360,8025.504,3754.144,PASS,0
PHASEB_formal_r1_C2_RING_SIMPLE_CH8_N4096_q2_rep2,4,R1_EVENT_OVERLAP,NCCL,C2_RING_SIMPLE_CH8,2048,4096,2048,2,0,8388608,4,0,371.264,377.248,4297.280,3920.416,PASS,0
PHASEB_formal_r1_C2_RING_SIMPLE_CH8_N4096_q2_rep2,4,R1_EVENT_OVERLAP,NCCL,C2_RING_SIMPLE_CH8,2048,4096,2048,2,1,8388608,4,0,706.112,4300.736,8055.424,3754.688,PASS,0
PHASEB_formal_r1_C2_RING_SIMPLE_CH8_N4096_q2_rep2,4,R1_EVENT_OVERLAP,NCCL,C2_RING_SIMPLE_CH8,2048,4096,2048,2,0,8388608,5,0,345.248,352.448,4268.352,3919.552,PASS,0
PHASEB_formal_r1_C2_RING_SIMPLE_CH8_N4096_q2_rep2,4,R1_EVENT_OVERLAP,NCCL,C2_RING_SIMPLE_CH8,2048,4096,2048,2,1,8388608,5,0,636.224,4271.808,8026.464,3754.656,PASS,0
PHASEB_formal_r1_C2_RING_SIMPLE_CH8_N4096_q2_rep2,4,R1_EVENT_OVERLAP,NCCL,C2_RING_SIMPLE_CH8,2048,4096,2048,2,0,8388608,6,0,393.792,399.744,4321.184,3921.440,PASS,0
PHASEB_formal_r1_C2_RING_SIMPLE_CH8_N4096_q2_rep2,4,R1_EVENT_OVERLAP,NCCL,C2_RING_SIMPLE_CH8,2048,4096,2048,2,1,8388608,6,0,703.744,4324.608,8077.824,3753.216,PASS,0
PHASEB_formal_r1_C2_RING_SIMPLE_CH8_N4096_q2_rep2,4,R1_EVENT_OVERLAP,NCCL,C2_RING_SIMPLE_CH8,2048,4096,2048,2,0,8388608,7,0,342.048,348.928,4256.896,3909.056,PASS,0
PHASEB_formal_r1_C2_RING_SIMPLE_CH8_N4096_q2_rep2,4,R1_EVENT_OVERLAP,NCCL,C2_RING_SIMPLE_CH8,2048,4096,2048,2,1,8388608,7,0,632.832,4260.320,7998.592,3738.272,PASS,0
PHASEB_formal_r1_C2_RING_SIMPLE_CH8_N4096_q2_rep2,4,R1_EVENT_OVERLAP,NCCL,C2_RING_SIMPLE_CH8,2048,4096,2048,2,0,8388608,8,0,368.832,374.560,4282.400,3908.288,PASS,0
PHASEB_formal_r1_C2_RING_SIMPLE_CH8_N4096_q2_rep2,4,R1_EVENT_OVERLAP,NCCL,C2_RING_SIMPLE_CH8,2048,4096,2048,2,1,8388608,8,0,686.976,4285.728,8021.728,3740.256,PASS,0
PHASEB_formal_r1_C2_RING_SIMPLE_CH8_N4096_q2_rep2,4,R1_EVENT_OVERLAP,NCCL,C2_RING_SIMPLE_CH8,2048,4096,2048,2,0,8388608,9,0,342.816,350.144,4257.856,3908.736,PASS,0
PHASEB_formal_r1_C2_RING_SIMPLE_CH8_N4096_q2_rep2,4,R1_EVENT_OVERLAP,NCCL,C2_RING_SIMPLE_CH8,2048,4096,2048,2,1,8388608,9,0,633.440,4261.312,8007.712,3755.744,PASS,0
PHASEB_formal_r1_C2_RING_SIMPLE_CH8_N4096_q2_rep2,4,R1_EVENT_OVERLAP,NCCL,C2_RING_SIMPLE_CH8,2048,4096,2048,2,0,8388608,10,0,389.216,395.168,4316.384,3921.216,PASS,0
PHASEB_formal_r1_C2_RING_SIMPLE_CH8_N4096_q2_rep2,4,R1_EVENT_OVERLAP,NCCL,C2_RING_SIMPLE_CH8,2048,4096,2048,2,1,8388608,10,0,700.640,4319.808,8073.375,3753.568,PASS,0
PHASEB_formal_r1_C2_RING_SIMPLE_CH8_N4096_q2_rep2,4,R1_EVENT_OVERLAP,NCCL,C2_RING_SIMPLE_CH8,2048,4096,2048,2,0,8388608,11,0,376.192,383.104,4291.584,3920.864,PASS,0
PHASEB_formal_r1_C2_RING_SIMPLE_CH8_N4096_q2_rep2,4,R1_EVENT_OVERLAP,NCCL,C2_RING_SIMPLE_CH8,2048,4096,2048,2,1,8388608,11,0,666.592,4294.944,8039.232,3755.360,PASS,0
PHASEB_formal_r1_C2_RING_SIMPLE_CH8_N4096_q2_rep2,4,R1_EVENT_OVERLAP,NCCL,C2_RING_SIMPLE_CH8,2048,4096,2048,2,0,8388608,12,0,372.032,377.792,4295.040,3921.312,PASS,0
PHASEB_formal_r1_C2_RING_SIMPLE_CH8_N4096_q2_rep2,4,R1_EVENT_OVERLAP,NCCL,C2_RING_SIMPLE_CH8,2048,4096,2048,2,1,8388608,12,0,686.528,4298.464,8052.800,3754.336,PASS,0
PHASEB_formal_r1_C2_RING_SIMPLE_CH8_N4096_q2_rep2,4,R1_EVENT_OVERLAP,NCCL,C2_RING_SIMPLE_CH8,2048,4096,2048,2,0,8388608,13,0,357.024,364.032,4283.232,3919.200,PASS,0
PHASEB_formal_r1_C2_RING_SIMPLE_CH8_N4096_q2_rep2,4,R1_EVENT_OVERLAP,NCCL,C2_RING_SIMPLE_CH8,2048,4096,2048,2,1,8388608,13,0,646.112,4286.688,8041.312,3754.624,PASS,0
PHASEB_formal_r1_C2_RING_SIMPLE_CH8_N4096_q2_rep2,4,R1_EVENT_OVERLAP,NCCL,C2_RING_SIMPLE_CH8,2048,4096,2048,2,0,8388608,14,0,374.080,379.872,4297.184,3922.016,PASS,0
PHASEB_formal_r1_C2_RING_SIMPLE_CH8_N4096_q2_rep2,4,R1_EVENT_OVERLAP,NCCL,C2_RING_SIMPLE_CH8,2048,4096,2048,2,1,8388608,14,0,694.880,4300.608,8055.424,3754.816,PASS,0
PHASEB_formal_r1_C2_RING_SIMPLE_CH8_N4096_q2_rep2,4,R1_EVENT_OVERLAP,NCCL,C2_RING_SIMPLE_CH8,2048,4096,2048,2,0,8388608,15,0,359.040,365.856,4288.256,3922.400,PASS,0
PHASEB_formal_r1_C2_RING_SIMPLE_CH8_N4096_q2_rep2,4,R1_EVENT_OVERLAP,NCCL,C2_RING_SIMPLE_CH8,2048,4096,2048,2,1,8388608,15,0,651.616,4291.744,8047.392,3755.648,PASS,0
PHASEB_formal_r1_C2_RING_SIMPLE_CH8_N4096_q2_rep2,4,R1_EVENT_OVERLAP,NCCL,C2_RING_SIMPLE_CH8,2048,4096,2048,2,0,8388608,16,0,371.232,377.376,4301.184,3923.808,PASS,0
PHASEB_formal_r1_C2_RING_SIMPLE_CH8_N4096_q2_rep2,4,R1_EVENT_OVERLAP,NCCL,C2_RING_SIMPLE_CH8,2048,4096,2048,2,1,8388608,16,0,710.848,4304.640,8059.264,3754.624,PASS,0
PHASEB_formal_r1_C2_RING_SIMPLE_CH8_N4096_q2_rep2,4,R1_EVENT_OVERLAP,NCCL,C2_RING_SIMPLE_CH8,2048,4096,2048,2,0,8388608,17,0,381.408,388.736,4298.944,3921.696,PASS,0
PHASEB_formal_r1_C2_RING_SIMPLE_CH8_N4096_q2_rep2,4,R1_EVENT_OVERLAP,NCCL,C2_RING_SIMPLE_CH8,2048,4096,2048,2,1,8388608,17,0,669.376,4302.368,8049.920,3756.160,PASS,0
PHASEB_formal_r1_C2_RING_SIMPLE_CH8_N4096_q2_rep2,4,R1_EVENT_OVERLAP,NCCL,C2_RING_SIMPLE_CH8,2048,4096,2048,2,0,8388608,18,0,372.192,378.784,4301.408,3922.624,PASS,0
PHASEB_formal_r1_C2_RING_SIMPLE_CH8_N4096_q2_rep2,4,R1_EVENT_OVERLAP,NCCL,C2_RING_SIMPLE_CH8,2048,4096,2048,2,1,8388608,18,0,691.072,4304.832,8059.680,3754.848,PASS,0
PHASEB_formal_r1_C2_RING_SIMPLE_CH8_N4096_q2_rep2,4,R1_EVENT_OVERLAP,NCCL,C2_RING_SIMPLE_CH8,2048,4096,2048,2,0,8388608,19,0,345.184,352.928,4275.776,3922.848,PASS,0
PHASEB_formal_r1_C2_RING_SIMPLE_CH8_N4096_q2_rep2,4,R1_EVENT_OVERLAP,NCCL,C2_RING_SIMPLE_CH8,2048,4096,2048,2,1,8388608,19,0,636.960,4279.264,8034.880,3755.616,PASS,0
PHASEB_formal_r1_C2_RING_SIMPLE_CH8_N4096_q2_rep2,4,R1_EVENT_OVERLAP,NCCL,C2_RING_SIMPLE_CH8,2048,4096,2048,2,0,8388608,20,0,369.632,375.680,4299.552,3923.872,PASS,0
PHASEB_formal_r1_C2_RING_SIMPLE_CH8_N4096_q2_rep2,4,R1_EVENT_OVERLAP,NCCL,C2_RING_SIMPLE_CH8,2048,4096,2048,2,1,8388608,20,0,700.256,4303.392,8058.976,3755.584,PASS,0
PHASEB_formal_r1_C2_RING_SIMPLE_CH8_N4096_q2_rep2,4,R1_EVENT_OVERLAP,NCCL,C2_RING_SIMPLE_CH8,2048,4096,2048,2,0,8388608,21,0,347.200,354.304,4276.448,3922.144,PASS,0
PHASEB_formal_r1_C2_RING_SIMPLE_CH8_N4096_q2_rep2,4,R1_EVENT_OVERLAP,NCCL,C2_RING_SIMPLE_CH8,2048,4096,2048,2,1,8388608,21,0,639.648,4279.872,8034.784,3754.912,PASS,0
PHASEB_formal_r1_C2_RING_SIMPLE_CH8_N4096_q2_rep2,4,R1_EVENT_OVERLAP,NCCL,C2_RING_SIMPLE_CH8,2048,4096,2048,2,0,8388608,22,0,381.440,387.424,4294.496,3923.360,PASS,0
PHASEB_formal_r1_C2_RING_SIMPLE_CH8_N4096_q2_rep2,4,R1_EVENT_OVERLAP,NCCL,C2_RING_SIMPLE_CH8,2048,4096,2048,2,1,8388608,22,0,697.568,4297.920,8052.352,3754.432,PASS,0
PHASEB_formal_r1_C2_RING_SIMPLE_CH8_N4096_q2_rep2,4,R1_EVENT_OVERLAP,NCCL,C2_RING_SIMPLE_CH8,2048,4096,2048,2,0,8388608,23,0,341.888,349.056,4270.752,3921.696,PASS,0
PHASEB_formal_r1_C2_RING_SIMPLE_CH8_N4096_q2_rep2,4,R1_EVENT_OVERLAP,NCCL,C2_RING_SIMPLE_CH8,2048,4096,2048,2,1,8388608,23,0,634.080,4274.176,8030.432,3756.256,PASS,0
PHASEB_formal_r1_C2_RING_SIMPLE_CH8_N4096_q2_rep2,4,R1_EVENT_OVERLAP,NCCL,C2_RING_SIMPLE_CH8,2048,4096,2048,2,0,8388608,24,0,371.616,377.696,4301.920,3924.224,PASS,0
PHASEB_formal_r1_C2_RING_SIMPLE_CH8_N4096_q2_rep2,4,R1_EVENT_OVERLAP,NCCL,C2_RING_SIMPLE_CH8,2048,4096,2048,2,1,8388608,24,0,704.896,4305.472,8059.776,3754.304,PASS,0
PHASEB_formal_r1_C2_RING_SIMPLE_CH8_N4096_q2_rep2,4,R1_EVENT_OVERLAP,NCCL,C2_RING_SIMPLE_CH8,2048,4096,2048,2,0,8388608,25,0,342.560,349.472,4273.472,3924.000,PASS,0
PHASEB_formal_r1_C2_RING_SIMPLE_CH8_N4096_q2_rep2,4,R1_EVENT_OVERLAP,NCCL,C2_RING_SIMPLE_CH8,2048,4096,2048,2,1,8388608,25,0,634.816,4276.864,8032.192,3755.328,PASS,0
PHASEB_formal_r1_C2_RING_SIMPLE_CH8_N4096_q2_rep2,4,R1_EVENT_OVERLAP,NCCL,C2_RING_SIMPLE_CH8,2048,4096,2048,2,0,8388608,26,0,369.920,375.712,4297.376,3923.808,PASS,0
PHASEB_formal_r1_C2_RING_SIMPLE_CH8_N4096_q2_rep2,4,R1_EVENT_OVERLAP,NCCL,C2_RING_SIMPLE_CH8,2048,4096,2048,2,1,8388608,26,0,701.536,4300.832,8056.864,3756.032,PASS,0
PHASEB_formal_r1_C2_RING_SIMPLE_CH8_N4096_q2_rep2,4,R1_EVENT_OVERLAP,NCCL,C2_RING_SIMPLE_CH8,2048,4096,2048,2,0,8388608,27,0,343.616,351.008,4283.168,3933.440,PASS,0
PHASEB_formal_r1_C2_RING_SIMPLE_CH8_N4096_q2_rep2,4,R1_EVENT_OVERLAP,NCCL,C2_RING_SIMPLE_CH8,2048,4096,2048,2,1,8388608,27,0,637.440,4286.592,8041.249,3754.656,PASS,0
PHASEB_formal_r1_C2_RING_SIMPLE_CH8_N4096_q2_rep2,4,R1_EVENT_OVERLAP,NCCL,C2_RING_SIMPLE_CH8,2048,4096,2048,2,0,8388608,28,0,371.904,377.824,4303.456,3925.632,PASS,0
PHASEB_formal_r1_C2_RING_SIMPLE_CH8_N4096_q2_rep2,4,R1_EVENT_OVERLAP,NCCL,C2_RING_SIMPLE_CH8,2048,4096,2048,2,1,8388608,28,0,704.800,4306.880,8063.072,3756.192,PASS,0
PHASEB_formal_r1_C2_RING_SIMPLE_CH8_N4096_q2_rep2,4,R1_EVENT_OVERLAP,NCCL,C2_RING_SIMPLE_CH8,2048,4096,2048,2,0,8388608,29,0,344.288,351.392,4275.552,3924.160,PASS,0
PHASEB_formal_r1_C2_RING_SIMPLE_CH8_N4096_q2_rep2,4,R1_EVENT_OVERLAP,NCCL,C2_RING_SIMPLE_CH8,2048,4096,2048,2,1,8388608,29,0,635.616,4279.008,8033.888,3754.880,PASS,0
PHASEB_formal_r1_C2_RING_SIMPLE_CH8_N4096_q2_rep2,4,R1_EVENT_OVERLAP,NCCL,C2_RING_SIMPLE_CH8,2048,4096,2048,2,0,8388608,30,0,369.920,375.808,4298.048,3922.240,PASS,0
PHASEB_formal_r1_C2_RING_SIMPLE_CH8_N4096_q2_rep2,4,R1_EVENT_OVERLAP,NCCL,C2_RING_SIMPLE_CH8,2048,4096,2048,2,1,8388608,30,0,710.272,4301.728,8056.544,3754.816,PASS,0
PHASEB_formal_r1_C2_RING_SIMPLE_CH8_N4096_q2_rep2,4,R1_EVENT_OVERLAP,NCCL,C2_RING_SIMPLE_CH8,2048,4096,2048,2,0,8388608,31,0,379.648,386.592,4291.840,3921.632,PASS,0
PHASEB_formal_r1_C2_RING_SIMPLE_CH8_N4096_q2_rep2,4,R1_EVENT_OVERLAP,NCCL,C2_RING_SIMPLE_CH8,2048,4096,2048,2,1,8388608,31,0,669.088,4295.296,8047.840,3755.744,PASS,0
PHASEB_formal_r1_C2_RING_SIMPLE_CH8_N4096_q2_rep2,4,R1_EVENT_OVERLAP,NCCL,C2_RING_SIMPLE_CH8,2048,4096,2048,2,0,8388608,32,0,376.896,382.976,4301.856,3922.752,PASS,0
PHASEB_formal_r1_C2_RING_SIMPLE_CH8_N4096_q2_rep2,4,R1_EVENT_OVERLAP,NCCL,C2_RING_SIMPLE_CH8,2048,4096,2048,2,1,8388608,32,0,691.488,4305.280,8059.264,3753.984,PASS,0
PHASEB_formal_r1_C2_RING_SIMPLE_CH8_N4096_q2_rep2,4,R1_EVENT_OVERLAP,NCCL,C2_RING_SIMPLE_CH8,2048,4096,2048,2,0,8388608,33,0,343.104,350.304,4271.360,3921.056,PASS,0
PHASEB_formal_r1_C2_RING_SIMPLE_CH8_N4096_q2_rep2,4,R1_EVENT_OVERLAP,NCCL,C2_RING_SIMPLE_CH8,2048,4096,2048,2,1,8388608,33,0,636.224,4274.784,8029.888,3755.104,PASS,0
PHASEB_formal_r1_C2_RING_SIMPLE_CH8_N4096_q2_rep2,4,R1_EVENT_OVERLAP,NCCL,C2_RING_SIMPLE_CH8,2048,4096,2048,2,0,8388608,34,0,371.168,377.280,4298.816,3923.552,PASS,0
PHASEB_formal_r1_C2_RING_SIMPLE_CH8_N4096_q2_rep2,4,R1_EVENT_OVERLAP,NCCL,C2_RING_SIMPLE_CH8,2048,4096,2048,2,1,8388608,34,0,686.944,4302.240,8056.288,3754.048,PASS,0
PHASEB_formal_r1_C2_RING_SIMPLE_CH8_N4096_q2_rep2,4,R1_EVENT_OVERLAP,NCCL,C2_RING_SIMPLE_CH8,2048,4096,2048,2,0,8388608,35,0,343.712,350.976,4271.168,3923.520,PASS,0
PHASEB_formal_r1_C2_RING_SIMPLE_CH8_N4096_q2_rep2,4,R1_EVENT_OVERLAP,NCCL,C2_RING_SIMPLE_CH8,2048,4096,2048,2,1,8388608,35,0,635.104,4274.592,8030.400,3755.808,PASS,0
PHASEB_formal_r1_C2_RING_SIMPLE_CH8_N4096_q2_rep2,4,R1_EVENT_OVERLAP,NCCL,C2_RING_SIMPLE_CH8,2048,4096,2048,2,0,8388608,36,0,371.264,377.472,4301.792,3924.320,PASS,0
PHASEB_formal_r1_C2_RING_SIMPLE_CH8_N4096_q2_rep2,4,R1_EVENT_OVERLAP,NCCL,C2_RING_SIMPLE_CH8,2048,4096,2048,2,1,8388608,36,0,708.768,4305.216,8059.712,3754.496,PASS,0
PHASEB_formal_r1_C2_RING_SIMPLE_CH8_N4096_q2_rep2,4,R1_EVENT_OVERLAP,NCCL,C2_RING_SIMPLE_CH8,2048,4096,2048,2,0,8388608,37,0,380.160,387.104,4308.672,3921.568,PASS,0
PHASEB_formal_r1_C2_RING_SIMPLE_CH8_N4096_q2_rep2,4,R1_EVENT_OVERLAP,NCCL,C2_RING_SIMPLE_CH8,2048,4096,2048,2,1,8388608,37,0,671.584,4312.096,8068.479,3756.384,PASS,0
PHASEB_formal_r1_C2_RING_SIMPLE_CH8_N4096_q2_rep2,4,R1_EVENT_OVERLAP,NCCL,C2_RING_SIMPLE_CH8,2048,4096,2048,2,0,8388608,38,0,388.288,394.176,4316.832,3922.656,PASS,0
PHASEB_formal_r1_C2_RING_SIMPLE_CH8_N4096_q2_rep2,4,R1_EVENT_OVERLAP,NCCL,C2_RING_SIMPLE_CH8,2048,4096,2048,2,1,8388608,38,0,696.736,4320.288,8074.496,3754.208,PASS,0
PHASEB_formal_r1_C2_RING_SIMPLE_CH8_N4096_q2_rep2,4,R1_EVENT_OVERLAP,NCCL,C2_RING_SIMPLE_CH8,2048,4096,2048,2,0,8388608,39,0,343.104,349.888,4271.072,3921.344,PASS,0
PHASEB_formal_r1_C2_RING_SIMPLE_CH8_N4096_q2_rep2,4,R1_EVENT_OVERLAP,NCCL,C2_RING_SIMPLE_CH8,2048,4096,2048,2,1,8388608,39,0,635.456,4274.496,8029.409,3754.912,PASS,0
PHASEB_formal_r1_C2_RING_SIMPLE_CH8_N4096_q2_rep2,4,R1_EVENT_OVERLAP,NCCL,C2_RING_SIMPLE_CH8,2048,4096,2048,2,0,8388608,40,0,378.304,384.064,4302.752,3922.464,PASS,0
PHASEB_formal_r1_C2_RING_SIMPLE_CH8_N4096_q2_rep2,4,R1_EVENT_OVERLAP,NCCL,C2_RING_SIMPLE_CH8,2048,4096,2048,2,1,8388608,40,0,698.432,4306.176,8060.320,3754.144,PASS,0
PHASEB_formal_r1_C2_RING_SIMPLE_CH8_N4096_q2_rep2,4,R1_EVENT_OVERLAP,NCCL,C2_RING_SIMPLE_CH8,2048,4096,2048,2,0,8388608,41,0,344.096,351.264,4270.624,3922.624,PASS,0
PHASEB_formal_r1_C2_RING_SIMPLE_CH8_N4096_q2_rep2,4,R1_EVENT_OVERLAP,NCCL,C2_RING_SIMPLE_CH8,2048,4096,2048,2,1,8388608,41,0,635.232,4274.048,8028.928,3754.880,PASS,0
PHASEB_formal_r1_C2_RING_SIMPLE_CH8_N4096_q2_rep2,4,R1_EVENT_OVERLAP,NCCL,C2_RING_SIMPLE_CH8,2048,4096,2048,2,0,8388608,42,0,369.728,375.776,4297.792,3922.464,PASS,0
PHASEB_formal_r1_C2_RING_SIMPLE_CH8_N4096_q2_rep2,4,R1_EVENT_OVERLAP,NCCL,C2_RING_SIMPLE_CH8,2048,4096,2048,2,1,8388608,42,0,707.264,4301.216,8056.384,3755.168,PASS,0
PHASEB_formal_r1_C2_RING_SIMPLE_CH8_N4096_q2_rep2,4,R1_EVENT_OVERLAP,NCCL,C2_RING_SIMPLE_CH8,2048,4096,2048,2,0,8388608,43,0,345.024,352.000,4270.560,3923.168,PASS,0
PHASEB_formal_r1_C2_RING_SIMPLE_CH8_N4096_q2_rep2,4,R1_EVENT_OVERLAP,NCCL,C2_RING_SIMPLE_CH8,2048,4096,2048,2,1,8388608,43,0,636.544,4274.016,8030.560,3756.544,PASS,0
PHASEB_formal_r1_C2_RING_SIMPLE_CH8_N4096_q2_rep2,4,R1_EVENT_OVERLAP,NCCL,C2_RING_SIMPLE_CH8,2048,4096,2048,2,0,8388608,44,0,371.968,377.824,4300.256,3922.432,PASS,0
PHASEB_formal_r1_C2_RING_SIMPLE_CH8_N4096_q2_rep2,4,R1_EVENT_OVERLAP,NCCL,C2_RING_SIMPLE_CH8,2048,4096,2048,2,1,8388608,44,0,705.440,4303.680,8057.248,3753.568,PASS,0
PHASEB_formal_r1_C2_RING_SIMPLE_CH8_N4096_q2_rep2,4,R1_EVENT_OVERLAP,NCCL,C2_RING_SIMPLE_CH8,2048,4096,2048,2,0,8388608,45,0,375.296,382.560,4289.824,3923.072,PASS,0
PHASEB_formal_r1_C2_RING_SIMPLE_CH8_N4096_q2_rep2,4,R1_EVENT_OVERLAP,NCCL,C2_RING_SIMPLE_CH8,2048,4096,2048,2,1,8388608,45,0,661.600,4293.184,8034.304,3753.984,PASS,0
PHASEB_formal_r1_C2_RING_SIMPLE_CH8_N4096_q2_rep2,4,R1_EVENT_OVERLAP,NCCL,C2_RING_SIMPLE_CH8,2048,4096,2048,2,0,8388608,46,0,369.248,375.168,4298.208,3923.040,PASS,0
PHASEB_formal_r1_C2_RING_SIMPLE_CH8_N4096_q2_rep2,4,R1_EVENT_OVERLAP,NCCL,C2_RING_SIMPLE_CH8,2048,4096,2048,2,1,8388608,46,0,703.744,4301.984,8056.384,3754.400,PASS,0
PHASEB_formal_r1_C2_RING_SIMPLE_CH8_N4096_q2_rep2,4,R1_EVENT_OVERLAP,NCCL,C2_RING_SIMPLE_CH8,2048,4096,2048,2,0,8388608,47,0,376.800,383.744,4288.896,3921.824,PASS,0
PHASEB_formal_r1_C2_RING_SIMPLE_CH8_N4096_q2_rep2,4,R1_EVENT_OVERLAP,NCCL,C2_RING_SIMPLE_CH8,2048,4096,2048,2,1,8388608,47,0,663.872,4292.352,8028.512,3754.176,PASS,0
PHASEB_formal_r1_C2_RING_SIMPLE_CH8_N4096_q2_rep2,4,R1_EVENT_OVERLAP,NCCL,C2_RING_SIMPLE_CH8,2048,4096,2048,2,0,8388608,48,0,397.856,404.128,4326.368,3922.240,PASS,0
PHASEB_formal_r1_C2_RING_SIMPLE_CH8_N4096_q2_rep2,4,R1_EVENT_OVERLAP,NCCL,C2_RING_SIMPLE_CH8,2048,4096,2048,2,1,8388608,48,0,697.312,4329.792,8084.417,3754.624,PASS,0
PHASEB_formal_r1_C2_RING_SIMPLE_CH8_N4096_q2_rep2,4,R1_EVENT_OVERLAP,NCCL,C2_RING_SIMPLE_CH8,2048,4096,2048,2,0,8388608,49,0,345.024,352.416,4272.480,3920.928,PASS,0
PHASEB_formal_r1_C2_RING_SIMPLE_CH8_N4096_q2_rep2,4,R1_EVENT_OVERLAP,NCCL,C2_RING_SIMPLE_CH8,2048,4096,2048,2,1,8388608,49,0,635.904,4275.904,8029.984,3754.080,PASS,0
PHASEB_formal_r1_C2_RING_SIMPLE_CH8_N4096_q2_rep2,4,R1_EVENT_OVERLAP,NCCL,C2_RING_SIMPLE_CH8,2048,4096,2048,2,0,8388608,50,0,368.800,374.816,4292.832,3922.784,PASS,0
PHASEB_formal_r1_C2_RING_SIMPLE_CH8_N4096_q2_rep2,4,R1_EVENT_OVERLAP,NCCL,C2_RING_SIMPLE_CH8,2048,4096,2048,2,1,8388608,50,0,710.880,4296.256,8049.440,3753.184,PASS,0
PHASEB_formal_r1_C2_RING_SIMPLE_CH8_N4096_q2_rep2,4,R1_EVENT_OVERLAP,NCCL,C2_RING_SIMPLE_CH8,2048,4096,2048,2,0,8388608,51,0,342.912,350.016,4268.736,3921.536,PASS,0
PHASEB_formal_r1_C2_RING_SIMPLE_CH8_N4096_q2_rep2,4,R1_EVENT_OVERLAP,NCCL,C2_RING_SIMPLE_CH8,2048,4096,2048,2,1,8388608,51,0,632.256,4272.160,8027.008,3754.848,PASS,0
PHASEB_formal_r1_C2_RING_SIMPLE_CH8_N4096_q2_rep2,4,R1_EVENT_OVERLAP,NCCL,C2_RING_SIMPLE_CH8,2048,4096,2048,2,0,8388608,52,0,372.960,379.040,4300.512,3921.472,PASS,0
PHASEB_formal_r1_C2_RING_SIMPLE_CH8_N4096_q2_rep2,4,R1_EVENT_OVERLAP,NCCL,C2_RING_SIMPLE_CH8,2048,4096,2048,2,1,8388608,52,0,706.208,4303.936,8058.368,3754.432,PASS,0
PHASEB_formal_r1_C2_RING_SIMPLE_CH8_N4096_q2_rep2,4,R1_EVENT_OVERLAP,NCCL,C2_RING_SIMPLE_CH8,2048,4096,2048,2,0,8388608,53,0,377.472,384.288,4290.432,3919.840,PASS,0
PHASEB_formal_r1_C2_RING_SIMPLE_CH8_N4096_q2_rep2,4,R1_EVENT_OVERLAP,NCCL,C2_RING_SIMPLE_CH8,2048,4096,2048,2,1,8388608,53,0,665.344,4293.920,8024.352,3753.312,PASS,0
PHASEB_formal_r1_C2_RING_SIMPLE_CH8_N4096_q2_rep2,4,R1_EVENT_OVERLAP,NCCL,C2_RING_SIMPLE_CH8,2048,4096,2048,2,0,8388608,54,0,371.872,377.568,4299.136,3922.784,PASS,0
PHASEB_formal_r1_C2_RING_SIMPLE_CH8_N4096_q2_rep2,4,R1_EVENT_OVERLAP,NCCL,C2_RING_SIMPLE_CH8,2048,4096,2048,2,1,8388608,54,0,701.696,4302.592,8055.936,3753.344,PASS,0
PHASEB_formal_r1_C2_RING_SIMPLE_CH8_N4096_q2_rep2,4,R1_EVENT_OVERLAP,NCCL,C2_RING_SIMPLE_CH8,2048,4096,2048,2,0,8388608,55,0,347.232,354.400,4275.328,3920.928,PASS,0
PHASEB_formal_r1_C2_RING_SIMPLE_CH8_N4096_q2_rep2,4,R1_EVENT_OVERLAP,NCCL,C2_RING_SIMPLE_CH8,2048,4096,2048,2,1,8388608,55,0,639.168,4278.752,8034.496,3755.744,PASS,0
PHASEB_formal_r1_C2_RING_SIMPLE_CH8_N4096_q2_rep2,4,R1_EVENT_OVERLAP,NCCL,C2_RING_SIMPLE_CH8,2048,4096,2048,2,0,8388608,56,0,371.808,377.696,4300.800,3923.104,PASS,0
PHASEB_formal_r1_C2_RING_SIMPLE_CH8_N4096_q2_rep2,4,R1_EVENT_OVERLAP,NCCL,C2_RING_SIMPLE_CH8,2048,4096,2048,2,1,8388608,56,0,701.536,4304.224,8058.528,3754.304,PASS,0
PHASEB_formal_r1_C2_RING_SIMPLE_CH8_N4096_q2_rep2,4,R1_EVENT_OVERLAP,NCCL,C2_RING_SIMPLE_CH8,2048,4096,2048,2,0,8388608,57,0,343.872,351.200,4271.296,3920.448,PASS,0
PHASEB_formal_r1_C2_RING_SIMPLE_CH8_N4096_q2_rep2,4,R1_EVENT_OVERLAP,NCCL,C2_RING_SIMPLE_CH8,2048,4096,2048,2,1,8388608,57,0,635.648,4274.752,8028.576,3753.824,PASS,0
PHASEB_formal_r1_C2_RING_SIMPLE_CH8_N4096_q2_rep2,4,R1_EVENT_OVERLAP,NCCL,C2_RING_SIMPLE_CH8,2048,4096,2048,2,0,8388608,58,0,375.872,382.080,4298.880,3922.656,PASS,0
PHASEB_formal_r1_C2_RING_SIMPLE_CH8_N4096_q2_rep2,4,R1_EVENT_OVERLAP,NCCL,C2_RING_SIMPLE_CH8,2048,4096,2048,2,1,8388608,58,0,713.664,4302.272,8057.504,3755.232,PASS,0
PHASEB_formal_r1_C2_RING_SIMPLE_CH8_N4096_q2_rep2,4,R1_EVENT_OVERLAP,NCCL,C2_RING_SIMPLE_CH8,2048,4096,2048,2,0,8388608,59,0,347.392,354.432,4274.784,3920.352,PASS,0
PHASEB_formal_r1_C2_RING_SIMPLE_CH8_N4096_q2_rep2,4,R1_EVENT_OVERLAP,NCCL,C2_RING_SIMPLE_CH8,2048,4096,2048,2,1,8388608,59,0,638.880,4278.240,8034.176,3755.936,PASS,0
PHASEB_formal_r1_C2_RING_SIMPLE_CH8_N4096_q2_rep2,4,R1_EVENT_OVERLAP,NCCL,C2_RING_SIMPLE_CH8,2048,4096,2048,2,0,8388608,60,0,372.768,379.104,4297.856,3924.096,PASS,0
PHASEB_formal_r1_C2_RING_SIMPLE_CH8_N4096_q2_rep2,4,R1_EVENT_OVERLAP,NCCL,C2_RING_SIMPLE_CH8,2048,4096,2048,2,1,8388608,60,0,706.848,4301.280,8055.839,3754.560,PASS,0
PHASEB_formal_r1_C2_RING_SIMPLE_CH8_N4096_q2_rep2,4,R1_EVENT_OVERLAP,NCCL,C2_RING_SIMPLE_CH8,2048,4096,2048,2,0,8388608,61,0,344.096,351.456,4273.888,3922.976,PASS,0
PHASEB_formal_r1_C2_RING_SIMPLE_CH8_N4096_q2_rep2,4,R1_EVENT_OVERLAP,NCCL,C2_RING_SIMPLE_CH8,2048,4096,2048,2,1,8388608,61,0,636.736,4277.312,8031.200,3753.888,PASS,0
PHASEB_formal_r1_C2_RING_SIMPLE_CH8_N4096_q2_rep2,4,R1_EVENT_OVERLAP,NCCL,C2_RING_SIMPLE_CH8,2048,4096,2048,2,0,8388608,62,0,369.440,375.168,4297.088,3923.232,PASS,0
PHASEB_formal_r1_C2_RING_SIMPLE_CH8_N4096_q2_rep2,4,R1_EVENT_OVERLAP,NCCL,C2_RING_SIMPLE_CH8,2048,4096,2048,2,1,8388608,62,0,685.152,4300.544,8054.624,3754.080,PASS,0
PHASEB_formal_r1_C2_RING_SIMPLE_CH8_N4096_q2_rep2,4,R1_EVENT_OVERLAP,NCCL,C2_RING_SIMPLE_CH8,2048,4096,2048,2,0,8388608,63,0,344.064,350.880,4274.016,3923.136,PASS,0
PHASEB_formal_r1_C2_RING_SIMPLE_CH8_N4096_q2_rep2,4,R1_EVENT_OVERLAP,NCCL,C2_RING_SIMPLE_CH8,2048,4096,2048,2,1,8388608,63,0,636.928,4277.472,8033.600,3756.128,PASS,0
PHASEB_formal_r1_C2_RING_SIMPLE_CH8_N4096_q2_rep2,4,R1_EVENT_OVERLAP,NCCL,C2_RING_SIMPLE_CH8,2048,4096,2048,2,0,8388608,64,0,372.576,378.496,4314.528,3936.032,PASS,0
PHASEB_formal_r1_C2_RING_SIMPLE_CH8_N4096_q2_rep2,4,R1_EVENT_OVERLAP,NCCL,C2_RING_SIMPLE_CH8,2048,4096,2048,2,1,8388608,64,0,690.656,4317.984,8072.160,3754.176,PASS,0
PHASEB_formal_r1_C2_RING_SIMPLE_CH8_N4096_q2_rep2,4,R1_EVENT_OVERLAP,NCCL,C2_RING_SIMPLE_CH8,2048,4096,2048,2,0,8388608,65,0,344.768,351.648,4272.512,3920.864,PASS,0
PHASEB_formal_r1_C2_RING_SIMPLE_CH8_N4096_q2_rep2,4,R1_EVENT_OVERLAP,NCCL,C2_RING_SIMPLE_CH8,2048,4096,2048,2,1,8388608,65,0,635.488,4275.936,8030.336,3754.400,PASS,0
PHASEB_formal_r1_C2_RING_SIMPLE_CH8_N4096_q2_rep2,4,R1_EVENT_OVERLAP,NCCL,C2_RING_SIMPLE_CH8,2048,4096,2048,2,0,8388608,66,0,374.144,380.128,4298.528,3921.984,PASS,0
PHASEB_formal_r1_C2_RING_SIMPLE_CH8_N4096_q2_rep2,4,R1_EVENT_OVERLAP,NCCL,C2_RING_SIMPLE_CH8,2048,4096,2048,2,1,8388608,66,0,702.176,4301.952,8056.480,3754.528,PASS,0
PHASEB_formal_r1_C2_RING_SIMPLE_CH8_N4096_q2_rep2,4,R1_EVENT_OVERLAP,NCCL,C2_RING_SIMPLE_CH8,2048,4096,2048,2,0,8388608,67,0,345.472,352.320,4274.272,3921.952,PASS,0
PHASEB_formal_r1_C2_RING_SIMPLE_CH8_N4096_q2_rep2,4,R1_EVENT_OVERLAP,NCCL,C2_RING_SIMPLE_CH8,2048,4096,2048,2,1,8388608,67,0,637.632,4277.696,8032.832,3755.136,PASS,0
PHASEB_formal_r1_C2_RING_SIMPLE_CH8_N4096_q2_rep2,4,R1_EVENT_OVERLAP,NCCL,C2_RING_SIMPLE_CH8,2048,4096,2048,2,0,8388608,68,0,372.864,378.976,4311.104,3932.128,PASS,0
PHASEB_formal_r1_C2_RING_SIMPLE_CH8_N4096_q2_rep2,4,R1_EVENT_OVERLAP,NCCL,C2_RING_SIMPLE_CH8,2048,4096,2048,2,1,8388608,68,0,687.040,4314.528,8067.936,3753.408,PASS,0
PHASEB_formal_r1_C2_RING_SIMPLE_CH8_N4096_q2_rep2,4,R1_EVENT_OVERLAP,NCCL,C2_RING_SIMPLE_CH8,2048,4096,2048,2,0,8388608,69,0,345.824,353.280,4270.880,3920.640,PASS,0
PHASEB_formal_r1_C2_RING_SIMPLE_CH8_N4096_q2_rep2,4,R1_EVENT_OVERLAP,NCCL,C2_RING_SIMPLE_CH8,2048,4096,2048,2,1,8388608,69,0,636.320,4274.304,8028.127,3753.824,PASS,0
PHASEB_formal_r1_C2_RING_SIMPLE_CH8_N4096_q2_rep2,4,R1_EVENT_OVERLAP,NCCL,C2_RING_SIMPLE_CH8,2048,4096,2048,2,0,8388608,70,0,369.344,375.232,4298.880,3923.648,PASS,0
PHASEB_formal_r1_C2_RING_SIMPLE_CH8_N4096_q2_rep2,4,R1_EVENT_OVERLAP,NCCL,C2_RING_SIMPLE_CH8,2048,4096,2048,2,1,8388608,70,0,709.632,4302.592,8055.072,3752.480,PASS,0
PHASEB_formal_r1_C2_RING_SIMPLE_CH8_N4096_q2_rep2,4,R1_EVENT_OVERLAP,NCCL,C2_RING_SIMPLE_CH8,2048,4096,2048,2,0,8388608,71,0,343.744,350.848,4270.752,3920.448,PASS,0
PHASEB_formal_r1_C2_RING_SIMPLE_CH8_N4096_q2_rep2,4,R1_EVENT_OVERLAP,NCCL,C2_RING_SIMPLE_CH8,2048,4096,2048,2,1,8388608,71,0,636.608,4274.176,8027.680,3753.504,PASS,0
PHASEB_formal_r1_C2_RING_SIMPLE_CH8_N4096_q2_rep2,4,R1_EVENT_OVERLAP,NCCL,C2_RING_SIMPLE_CH8,2048,4096,2048,2,0,8388608,72,0,370.176,376.224,4298.624,3922.400,PASS,0
PHASEB_formal_r1_C2_RING_SIMPLE_CH8_N4096_q2_rep2,4,R1_EVENT_OVERLAP,NCCL,C2_RING_SIMPLE_CH8,2048,4096,2048,2,1,8388608,72,0,696.544,4302.080,8054.304,3752.224,PASS,0
PHASEB_formal_r1_C2_RING_SIMPLE_CH8_N4096_q2_rep2,4,R1_EVENT_OVERLAP,NCCL,C2_RING_SIMPLE_CH8,2048,4096,2048,2,0,8388608,73,0,344.160,351.616,4269.632,3921.984,PASS,0
PHASEB_formal_r1_C2_RING_SIMPLE_CH8_N4096_q2_rep2,4,R1_EVENT_OVERLAP,NCCL,C2_RING_SIMPLE_CH8,2048,4096,2048,2,1,8388608,73,0,634.336,4273.056,8026.976,3753.920,PASS,0
PHASEB_formal_r1_C2_RING_SIMPLE_CH8_N4096_q2_rep2,4,R1_EVENT_OVERLAP,NCCL,C2_RING_SIMPLE_CH8,2048,4096,2048,2,0,8388608,74,0,372.064,378.304,4302.208,3923.904,PASS,0
PHASEB_formal_r1_C2_RING_SIMPLE_CH8_N4096_q2_rep2,4,R1_EVENT_OVERLAP,NCCL,C2_RING_SIMPLE_CH8,2048,4096,2048,2,1,8388608,74,0,686.464,4305.696,8058.016,3752.320,PASS,0
PHASEB_formal_r1_C2_RING_SIMPLE_CH8_N4096_q2_rep2,4,R1_EVENT_OVERLAP,NCCL,C2_RING_SIMPLE_CH8,2048,4096,2048,2,0,8388608,75,0,379.872,387.072,4308.544,3921.472,PASS,0
PHASEB_formal_r1_C2_RING_SIMPLE_CH8_N4096_q2_rep2,4,R1_EVENT_OVERLAP,NCCL,C2_RING_SIMPLE_CH8,2048,4096,2048,2,1,8388608,75,0,671.200,4311.968,8066.752,3754.784,PASS,0
PHASEB_formal_r1_C2_RING_SIMPLE_CH8_N4096_q2_rep2,4,R1_EVENT_OVERLAP,NCCL,C2_RING_SIMPLE_CH8,2048,4096,2048,2,0,8388608,76,0,391.904,398.080,4305.408,3921.408,PASS,0
PHASEB_formal_r1_C2_RING_SIMPLE_CH8_N4096_q2_rep2,4,R1_EVENT_OVERLAP,NCCL,C2_RING_SIMPLE_CH8,2048,4096,2048,2,1,8388608,76,0,698.720,4309.088,8054.176,3751.968,PASS,0
PHASEB_formal_r1_C2_RING_SIMPLE_CH8_N4096_q2_rep2,4,R1_EVENT_OVERLAP,NCCL,C2_RING_SIMPLE_CH8,2048,4096,2048,2,0,8388608,77,0,344.384,351.264,4273.216,3922.016,PASS,0
PHASEB_formal_r1_C2_RING_SIMPLE_CH8_N4096_q2_rep2,4,R1_EVENT_OVERLAP,NCCL,C2_RING_SIMPLE_CH8,2048,4096,2048,2,1,8388608,77,0,636.640,4276.640,8030.048,3753.408,PASS,0
PHASEB_formal_r1_C2_RING_SIMPLE_CH8_N4096_q2_rep2,4,R1_EVENT_OVERLAP,NCCL,C2_RING_SIMPLE_CH8,2048,4096,2048,2,0,8388608,78,0,369.920,375.712,4298.432,3922.720,PASS,0
PHASEB_formal_r1_C2_RING_SIMPLE_CH8_N4096_q2_rep2,4,R1_EVENT_OVERLAP,NCCL,C2_RING_SIMPLE_CH8,2048,4096,2048,2,1,8388608,78,0,695.168,4301.888,8053.568,3751.680,PASS,0
PHASEB_formal_r1_C2_RING_SIMPLE_CH8_N4096_q2_rep2,4,R1_EVENT_OVERLAP,NCCL,C2_RING_SIMPLE_CH8,2048,4096,2048,2,0,8388608,79,0,343.488,350.848,4272.544,3921.696,PASS,0
PHASEB_formal_r1_C2_RING_SIMPLE_CH8_N4096_q2_rep2,4,R1_EVENT_OVERLAP,NCCL,C2_RING_SIMPLE_CH8,2048,4096,2048,2,1,8388608,79,0,637.024,4276.000,8030.400,3754.400,PASS,0
